編號,機構名稱,機構地址,行政區,行政區碼,106年,107年,108年,109年,110年,111年,center_longitude,center_latitudes,locality_ids,locality_texts
1,臺北市私立小哈利托嬰中心,台北市中正區臺北市中正區南昌路一段145號,中正區,63000050,甲,,,甲,,,121.518821,25.029007,locality.63597287,中正區
2,臺北市私立宥緣托嬰中心,台北市中正區杭州南路一段131巷5號,中正區,63000050,,乙,乙,,,乙,121.525768,25.0363669,locality.63597287,中正區
3,臺北市私立宥宜托嬰中心,台北市中正區杭州南路一段131巷3號,中正區,63000050,,乙,甲,,,乙,121.525768,25.0363669,locality.63597287,中正區
4,立法院附設臺北市私立員工子女托嬰中心,台北市中正區鎮江街4號,中正區,63000050,,通過,優,,,優,121.521361,25.044314,locality.63597287,中正區
5,臺北市私立小天心東門托嬰中心,台北市大安區新生南路一段170巷14號,中正區,63000050,,,優,,,優,121.532496,25.034212,locality.63597287,中正區
6,臺北市私立維棠托嬰中心,台北市中正區臨沂街24巷6號,中正區,63000050,,,,甲,,,121.529177,25.040284,locality.63597287,中正區
7,臺北市私立家森寶貝托嬰中心,台北市中正區南昌路二段27號,中正區,63000050,,,,,,甲,121.519564,25.028107,locality.63597287,中正區
8,臺北市私立小天心晴晴托嬰中心,台北市中正區師大路176號,中正區,63000050,,,,,甲,,121.526562,25.020807,locality.63597287,中正區
9,臺北市私立萌芽托嬰中心,台北市中正區廈門街10號,中正區,63000050,,,,,,乙,121.518042,25.026847,locality.63597287,中正區
10,臺北市私立詠荺托嬰中心,台北市大同區重慶北路三段120巷2號,大同區,63000060,通過,,,乙,,,121.5122965,25.0672484,locality.63646439,大同區
11,臺北市私立海王子托嬰中心,台北市大同區延平北路二段278號,大同區,63000060,,,,,,甲,121.511344,25.060796,locality.63646439,大同區
12,臺北市私立喜樂大同托嬰中心,台北市大同區重慶北路三段252巷2號,大同區,63000060,,,,,,乙,121.513712,25.07066,locality.63646439,大同區
13,臺北市私立漢妮托嬰中心,台北市中山區明水路397巷7弄9號,中山區,63000040,,甲,,,甲,,121.5462219,25.0779928,locality.63589095,中山區
14,臺北市私立卡兒堡托嬰中心,台北市中山區基湖路149號,中山區,63000040,輔導通過,,乙,,,乙,121.5651469,25.0805052,locality.63613671,內湖區
15,臺北市私立日光貝比托嬰中心,台灣中山區中山北路二段116巷9號,中山區,63000040,甲,,,乙,,,121.5219252,25.060998,locality.63589095,中山區
16,臺北市私立笙愛托嬰中心,台灣中山區松江路46巷9號,中山區,63000040,,,乙,,,乙,121.5322314,25.0479618,locality.63589095,中山區
17,臺北市私立韋斯登托嬰中心,台北市中山區合江街105巷16號,中山區,63000040,,,丙(輔導通過),,乙,,121.53997584999999,25.0598517,locality.63589095,中山區
18,臺北市私立松江蒙特梭利托嬰中心,台北市中山區松江路124巷27號,中山區,63000040,通過,,,甲,,,121.530813,25.052586,locality.63589095,中山區
19,臺北市私立萌家園托嬰中心,台北市中山區樂群三路56號,中山區,63000040,,,甲,,,優,121.553696,25.082682,locality.63589095,中山區
20,臺北市私立布萊茲托嬰中心,台北市中山區合江街100巷11號,中山區,63000040,,,乙,,,乙,121.5385041,25.05828965,locality.63589095,中山區
21,臺北市私立龍江媽咪托嬰中心,台北市中山區龍江路397巷12號,中山區,63000040,,,乙,,,乙,121.5425249,25.0655458,locality.63589095,中山區
22,臺北市私立愛寶貝大直園托嬰中心,台北市中山區明水路443號,中山區,63000040,,,甲,,,甲,121.5509131,25.0828406,locality.63589095,中山區
23,臺北市私立宜家托嬰中心,臺北市中山區龍江路271巷3號,中山區,63000040,,,,乙,,,121.5414794,25.0594645,locality.63589095,中山區
24,臺北市私立蘊品蒙特梭利托嬰中心,台北市中山區明水路397巷7弄53號,中山區,63000040,,,,乙,,,121.5462219,25.0779928,locality.63589095,中山區
25,臺北市私立大愛托嬰中心,台北市中山區民生東路三段9巷5號,中山區,63000040,,,,,乙,,121.5418823,25.0584607,locality.63589095,中山區
26,臺北市私立寶貝托嬰中心,臺北市中山區民族東路512巷23號,中山區,63000040,,,,,甲,,121.5420192,25.0668649,locality.63589095,中山區
27,臺北市私立露西亞托嬰中心,台北市中山區林森北路67巷48號,中山區,63000040,,,,,,乙,121.5262322,25.0482707,locality.63589095,中山區
28,臺北市私立精英寶貝托嬰中心,台北市中山區明水路672巷36號3號,中山區,63000040,,,,,,乙,121.55101,25.083855,locality.63589095,中山區
29,臺北市私立愛寶貝明水園托嬰中心,台北市中山區明水路457號,中山區,63000040,,,,,,甲,121.5509131,25.0828406,locality.63589095,中山區
30,臺北市私立勁寶兒民權托嬰中心,臺北市松山區民權東路3段106巷21弄5號,松山區,63000010,乙,,,甲,,,121.5659,25.063287,locality.63671015,松山區
31,臺北市私立豐村托嬰中心,台北市松山區光復南路13巷43號,松山區,63000010,,乙,,,乙,,121.5592142,25.0477796,locality.63671015,松山區
32,臺北市私立多多托嬰中心,臺北市松山區八德路三段12巷51弄19號,松山區,63000010,甲,,,甲,,,121.551791,25.046164,locality.63671015,松山區
33,臺北市私立凱思托嬰中心,台北市松山區光復北路100巷8號,松山區,63000010,甲,,,乙,,,121.55709145,25.0505331,locality.63671015,松山區
34,臺北市私立哈寶寶托嬰中心,臺北市松山區民生東路5段36巷4弄41號,松山區,63000010,,輔導通過,,,甲,,121.555738,25.058267,locality.63671015,松山區
35,臺北市私立耕心寶貝家族托嬰中心,台北市松山區南京東路四段53巷10弄12號,松山區,63000010,通過,,,甲,,,121.5521095,25.0533084,locality.63671015,松山區
36,臺北市私立采禾托嬰中心,台北市松山區八德路三段81號2號,松山區,63000010,,,甲,,,甲,121.553366,25.048145,locality.63671015,松山區
37,臺北市私立親子坊托嬰中心,臺北市松山區健康路325巷18弄2號,松山區,63000010,,,甲,,,甲,121.568387,25.056072,locality.63671015,松山區
38,臺北市私立健寶兒托嬰中心,台北市松山區敦化北路222巷15號,松山區,63000010,,,乙,,,乙,121.5479169,25.0594335,locality.63671015,松山區
39,臺北市私立童欣寶貝熊托嬰中心,台北市松山區民生東路五段69巷2弄32號,松山區,63000010,輔導通過,,,丙(輔導通過),,,121.5591937,25.0592565,locality.63671015,松山區
40,臺北市私立勁寶兒延吉托嬰中心,台北市大安區光復南路32巷40號,松山區,63000010,,甲,,,甲,,121.55637825,25.0437426,locality.63654631,大安區
41,臺北市私立哈寶貝托嬰中心,台北市松山區民生東路五段36巷4弄41號,松山區,63000010,,,乙,,,甲,121.559061,25.057841,locality.63671015,松山區
42,臺北市私立悅福托嬰中心,台北市松山區南京東路四段95號,松山區,63000010,通過,,,乙,,,121.552856,25.051732,locality.63671015,松山區
43,臺北市私立悅和托嬰中心,台北市松山區南京東路四段95號,松山區,63000010,,通過,,,乙,,121.552856,25.051732,locality.63671015,松山區
44,臺北市私立天使寶貝蒙特梭利托嬰中心,台北市松山區敦化北路145巷71號,松山區,63000010,,輔導通過,,,甲,,121.5497566,25.0537006,locality.63671015,松山區
45,臺北市私立咩咩羊托嬰中心,臺北市松山區八德路四段36巷46號,松山區,63000010,,,,,乙,,121.5592922,25.0471131,locality.63671015,松山區
46,臺北市私立小麥穗托嬰中心,台北市松山區光復北路165巷11號,松山區,63000010,,,,,乙,,121.55626825,25.0573103,locality.63671015,松山區
47,臺北市私立天愛托嬰中心,台北市松山區三民路9號,松山區,63000010,,,甲,,,甲,121.563868,25.053427,locality.63671015,松山區
48,臺北市私立愛可兒托嬰中心,台北市松山區健康路309號,松山區,63000010,,,,,,乙,121.56585,25.054505,locality.63671015,松山區
49,臺北市私立新田小屋托嬰中心,台北市松山區八德路三段8巷37號,松山區,63000010,,,,,,優,121.5496963,25.0466153,locality.63671015,松山區
50,臺北市私立健寶兒敦北托嬰中心,台北市松山區敦化北路222巷15號,松山區,63000010,,,,,,甲,121.5479169,25.0594335,locality.63671015,松山區
51,臺北市私立人愛托嬰中心,台北市大安區信義路三段147巷15弄27號,大安區,63000030,甲,,,甲,,,121.5430054,25.0350938,locality.63654631,大安區
52,臺北市私立寶兒女成長園地托嬰中心,台北市大安區復興南路二段180巷4號,大安區,63000030,,乙,,,丙(輔導通過),,121.543104,25.027395,locality.63654631,大安區
53,臺北市私立菲力兒托嬰中心,台北市大安區信義路四段265巷20弄20號,大安區,63000030,,,優,,,優,121.55431540000001,25.0347443,locality.63654631,大安區
54,臺北市私立全家托嬰中心,台北市大安區溫州街12巷3號,大安區,63000030,,,甲,,,甲,121.5328333,25.0257203,locality.63654631,大安區
55,臺北市私立陽光小屋托嬰中心,台北市大安區瑞安街31巷5號,大安區,63000030,,乙,,,丙(輔導通過),,121.544105,25.030566,locality.63654631,大安區
56,臺北市私立小磊心托嬰中心,台北市大安區四維路76巷15號,大安區,63000030,優,,,甲,,,121.5471968,25.0342612,locality.63654631,大安區
57,臺北市私立吉事達康博喜托嬰中心,台灣大安區敦化南路二段200巷22號,大安區,63000030,,通過,,,甲,,121.547595,25.02288,locality.63654631,大安區
58,臺北市私立華康托嬰中心,台灣大安區金華街223號,大安區,63000030,乙,,,乙,,,121.529287,25.029846,locality.63654631,大安區
59,臺北市私立凱瑞莎托嬰中心,台北市大安區青田街6號,大安區,63000030,,,甲,,,乙,121.53124745,25.02816545,locality.63654631,大安區
60,臺北市私立亞瑟王皇家托嬰中心,台北市大安區潮州街108號,大安區,63000030,,,乙,,,丙(輔導通過),121.5232299,25.0294469,locality.63654631,大安區
61,臺北市私立滿兒圓蒙特梭利托嬰中心,台灣大安區安和路一段135巷14號,大安區,63000030,,,乙,,,乙,121.553391,25.0342544,locality.63654631,大安區
62,臺北市私立璽愛托嬰中心,台北市大安區忠孝東路三段251巷4弄8號,大安區,63000030,通過,,,甲,,,121.5406986,25.0423562,locality.63654631,大安區
63,臺北市私立勁寶兒大安托嬰中心,台北市大安區信義路三段147巷15弄27之1號,大安區,63000030,通過,,,乙,,,121.5430054,25.0350938,locality.63654631,大安區
64,臺北市私立萌語托嬰中心,臺北市大安區安和路二段70號,大安區,63000030,,,優,,,優,121.552366,25.031641,locality.63654631,大安區
65,臺北市私立芭蒂恩蒙氏家園托嬰中心,台北市大安區新生南路三段19巷3號,大安區,63000030,,,甲,,,甲,121.53492,25.02496,locality.63654631,大安區
66,臺北市私立鑫田托嬰中心,台北市大安區大安路二段100號,大安區,63000030,,乙,,,乙,,121.547025657674,25.0303057,locality.63654631,大安區
67,臺北市私立小天心托嬰中心,台北市大安區新生南路三段86巷23號,大安區,63000030,通過,,,甲,,,121.533484,25.018746,locality.63654631,大安區
68,臺北市私立以愛托嬰中心,台北市大安區和平東路一段183巷3弄2號,大安區,63000030,,,乙,,,甲,121.5337557,25.0269723,locality.63654631,大安區
69,臺北市私立橘子樹寶貝托嬰中心,台北市大安區瑞安街155巷2號,大安區,63000030,,通過,,,乙,,121.5394729,25.0260069,locality.63654631,大安區
70,臺北市私立新生蒙特梭利托嬰中心,台北市大安區新生南路一段103巷7號,大安區,63000030,,,乙,,,乙,121.5356647,25.0411574,locality.63654631,大安區
71,臺北市私立凱瑞莎青田托嬰中心,台北市大安區青田街6號,大安區,63000030,,,乙,,,甲,121.53124745,25.02816545,locality.63654631,大安區
72,臺北市私立采侑托嬰中心,台北市大安區羅斯福路三段333巷9號,大安區,63000030,,,乙,,,甲,121.532795,25.017484,locality.63654631,大安區
73,臺北市私立翻轉學堂托嬰中心,台北市大安區四維路160巷14號,大安區,63000030,,,乙,,,甲,121.5473258,25.0287671,locality.63654631,大安區
74,臺北市私立天心大安托嬰中心,台北市大安區新生南路三段86巷23號,大安區,63000030,,,優,,,甲,121.533484,25.018746,locality.63654631,大安區
75,臺北市私立幸福日光托嬰中心,台北市大安區和平東路二段96巷10弄12號,大安區,63000030,,,,,乙,,121.5409696,25.0232653,locality.63654631,大安區
76,臺北市私立夏莉絲托嬰中心,台北市大安區信義路二段44巷12號,大安區,63000030,,,,,乙,,121.525611,25.0338381,locality.63654631,大安區
77,臺北市私立萌語大安托嬰中心,台北市大安區安和路一段112巷22號,大安區,63000030,,,,甲,,,121.5515391,25.0339,locality.63654631,大安區
78,臺北市私立小樹屋托嬰中心,台北市大安區樂業街188號1樓,大安區,63000030,,,,,,乙,121.553438,25.019718,locality.63654631,大安區
79,臺北市私立小育龍托嬰中心,台北市萬華區萬大路61號,萬華區,63000070,,,甲,,,甲,121.500582,25.031146,locality.63679207,萬華區
80,臺北市私立安馨托嬰中心,台北市萬華區中華路二段364巷13號,萬華區,63000070,通過,,,甲,,,121.4942257,25.0259848,locality.63679207,萬華區
81,臺北市小育龍莒光托嬰中心,台北市萬華區莒光路239號,萬華區,63000070,,,甲,,,甲,121.500694,25.031148,locality.63679207,萬華區
82,臺北市私立瑞吉歐托嬰中心,台北市萬華區中華路二段364巷17號,萬華區,63000070,,,,,,甲,121.4942257,25.0259848,locality.63679207,萬華區
83,臺北市私立安馨寶貝托嬰中心,台北市萬華區中華路二段364巷13號,萬華區,63000070,,,,,,甲,121.4942257,25.0259848,locality.63679207,萬華區
84,臺北市私立咕咕園信義托嬰中心,臺北市信義區松智路35號,信義區,63000020,,,乙,,,丙(輔導通過),121.565374,25.030545,locality.63605479,信義區
85,臺北市私立薇薇安娃娃國托嬰中心,台北市信義區忠孝東路五段236巷3弄29號,信義區,63000020,,,乙,,,乙,121.573595,25.040376,locality.63605479,信義區
86,臺北市私立薇薇安娃娃國信義園托嬰中心,台北市信義區忠孝東路五段236巷37弄33號,信義區,63000020,,通過,,,乙,,121.5727632,25.0380867,locality.63605479,信義區
87,臺北市私立信義小太陽托嬰中心,台北市信義區中坡南路98巷2號,信義區,63000020,,,乙,,,乙,121.584621,25.0414931,locality.63605479,信義區
88,臺北市私立維多利亞托嬰中心,台北市信義區松勤街132號,信義區,63000020,,,乙,,,甲,121.56586,25.031956,locality.63605479,信義區
89,臺北市私立薇薇安娃娃國興雅園托嬰中心,台北市信義區忠孝東路五段236巷3弄29號,信義區,63000020,,,,,乙,,121.573595,25.040376,locality.63605479,信義區
90,臺北市私立薇薇安娃娃國松德園托嬰中心,台北市信義區松德路180巷11號,信義區,63000020,,,,,乙,,121.5735288,25.035649,locality.63605479,信義區
91,臺北市私立柚子樹托嬰中心,台北市信義區信義路六段36號,信義區,63000020,,,,,,乙,121.575749,25.034546,locality.63605479,信義區
92,臺北市私立怡寶優質托嬰中心,台北市士林區文林路740巷9弄24號,士林區,63000110,甲,,,優,,,121.5207081,25.1034845,locality.63638247,士林區
93,臺北市私立怡寶托嬰中心,臺北市士林區文林路740巷11號,士林區,63000110,甲,,,甲,,,121.520831,25.103239,locality.63638247,士林區
94,臺北市私立怡寶資優托嬰中心,臺北市士林區文林路740巷11號,士林區,63000110,,,優,,,優,121.520831,25.103239,locality.63638247,士林區
95,臺北市私立好來托嬰中心,臺北市士林區士東路244號,士林區,63000110,,,甲,,,乙,121.53077,25.112365,locality.63638247,士林區
96,臺北市私立春田托嬰中心,臺北市士林區忠誠路2段32巷9號,士林區,63000110,,,乙,,,甲,121.529632,25.11082,locality.63638247,士林區
97,臺北市私立萌語天母托嬰中心,台北市士林區中山北路六段405巷70號,士林區,63000110,通過,甲,優,,,優,121.5269851,25.1156442,locality.63638247,士林區
98,臺北市私立春田天母托嬰中心,台北市士林區忠誠路二段32巷9號,士林區,63000110,通過,,,乙,,,121.529342,25.109421,locality.63638247,士林區
99,臺北市私立怡寶質優托嬰中心,臺北市士林區文林路740巷11號,士林區,63000110,,優,,,優,,121.520831,25.103239,locality.63638247,士林區
100,臺北市私立長藤托嬰中心,臺北市士林區葫蘆里中正路655巷6號,士林區,63000110,,通過,,,甲,,121.507683,25.085308,locality.63638247,士林區
101,臺北市私立維薆托嬰中心,台北市士林區忠誠路二段70巷13弄1號,士林區,63000110,,通過,,,甲,,121.53021115,25.111445699999997,locality.63638247,士林區
102,臺北市私立好來天母托嬰中心,台北市士林區士東路244號,士林區,63000110,,通過,,,甲,,121.53077,25.112365,locality.63638247,士林區
103,臺北市私立孩子國萌寶托嬰中心,台北市士林區承德路四段185號,士林區,63000110,,,甲,,,甲,121.522423,25.087624,locality.63638247,士林區
104,臺北市私立雨聲托嬰中心,臺北市士林區雨聲街105號,士林區,63000110,,,甲,,,優,121.531267,25.104607,locality.63638247,士林區
105,臺北市私立幼天才托嬰中心,台北市士林區華齡街180號,士林區,63000110,,,甲,,,優,121.519491,25.086848,locality.63638247,士林區
106,臺北市私立怡寶士林官邸托嬰中心,台北市士林區中山北路五段520號,士林區,63000110,,,,,甲,,121.527925,25.093809,locality.63638247,士林區
107,臺北市私立微笑音符托嬰中心,台北市士林區中山北路七段14巷9號,士林區,63000110,,,,,,乙,121.5314459,25.1187681,locality.63638247,士林區
108,臺北市私立長藤幼苗托嬰中心,台北市士林區延平北路五段285巷54號,士林區,63000110,,,,,,甲,121.507958,25.085159,locality.63638247,士林區
109,臺北市私立芳馨園二館托嬰中心,台北市北投區大興街23巷35號,北投區,63000120,,通過,,,甲,,121.501089,25.130648,locality.63621863,北投區
110,臺北市私立安格托嬰中心,台北市北投區石牌路二段90巷17號,北投區,63000120,,,乙,,,乙,121.516788,25.1171105,locality.63621863,北投區
111,臺北市私立向暘托嬰中心,台北市北投區石牌路二段352號,北投區,63000120,,,甲,,,甲,121.521332,25.118997,locality.63621863,北投區
112,臺北市私立幼輝托嬰中心,台北市北投區明德路118巷17號,北投區,63000120,甲,,,甲,,,121.5209765,25.1094158,locality.63621863,北投區
113,臺北市私立可瑞荳托嬰中心,臺北市北投區大業路506號,北投區,63000120,優,,,優,,,121.5008169,25.1373153,locality.63621863,北投區
114,臺北市私立芳馨園托嬰中心,台北市文山區久康街24巷36號,北投區,63000120,,,甲,,,甲,121.56558325,24.989173,locality.63662823,文山區
115,臺北市私立貝兒托嬰中心,台北市北投區吉利街158號,北投區,63000120,乙,甲,,,優,,121.506857,25.118587,locality.63621863,北投區
116,臺北市私立小腳ㄚ托嬰中心,台北市北投區吉利街162號,北投區,63000120,,,甲,,,甲,121.506857,25.118587,locality.63621863,北投區
117,臺北市私立小腳ㄚ大未來托嬰中心,台北市北投區吉利街162號,北投區,63000120,,,甲,,,甲,121.506857,25.118587,locality.63621863,北投區
118,臺北市私立樂葳兒托嬰中心,台北市北投區文林北路112號,北投區,63000120,,,,,甲,,121.501379,25.132419,region.58599,Taipei
119,臺北市私立天華托嬰中心,台北市北投區光明路167號2號,北投區,63000120,,,,,甲,,121.504075,25.136259,locality.63621863,北投區
120,臺北市私立滿月蒙特梭利托嬰中心,台北市北投區石牌路二段307號,北投區,63000120,,,,,,乙,121.521332,25.118997,locality.63621863,北投區
121,臺北市私立是愛托嬰中心,台北市北投區永興路二段37號,北投區,63000120,,,,,,丙(輔導通過),121.5018401,25.1400433,locality.63621863,北投區
122,臺北市私立明德寶寶托嬰中心,台北市北投區致遠一路一段11巷1號,北投區,63000120,,,,,,丙(輔導通過),121.5169534,25.1072598,locality.63621863,北投區
123,臺北市私立快樂托嬰中心,台北市內湖區民權東路六段282號,內湖區,63000100,,乙,,,乙,,121.604443,25.071417,locality.63613671,內湖區
124,臺北市私立小小百合蒙特梭利托嬰中心,台北市內湖區星雲街36號,內湖區,63000100,,乙,,,甲,,121.590855,25.078307,locality.63613671,內湖區
125,臺北市私立貝比托嬰中心,台灣中山區中山北路二段116巷9號,內湖區,63000100,,甲,,,優,,121.5219252,25.060998,locality.63589095,中山區
126,臺北市私立櫻之圓蒙特梭利托嬰中心,台北市內湖區環山路一段24巷8號,內湖區,63000100,,優,,,優,,121.5653325,25.0845192,locality.63613671,內湖區
127,臺北市私立拉斐爾托嬰中心,台北市內湖區民權東路六段296巷87號,內湖區,63000100,乙,甲,,,甲,,121.6075201,25.071267,locality.63613671,內湖區
128,臺北市私立嘉霙托嬰中心,台北市內湖區陽光街116號,內湖區,63000100,,,甲,,,甲,121.5804676,25.0741947,locality.63613671,內湖區
129,臺北市私立拉斐爾天使托嬰中心,台北市內湖區民權東路6段296巷87號,內湖區,63000100,,甲,,,丙(輔導通過),,121.565647,25.063248,locality.63671015,松山區
130,臺北市私立斑比諾托嬰中心,台北市內湖區民權東路六段190號,內湖區,63000100,,,甲,,,甲,121.5943402,25.066429,locality.63613671,內湖區
131,臺北市私立愛德芬托嬰中心,台北市內湖區民權東路六段296巷48號,內湖區,63000100,通過,,,乙,,,121.6075201,25.071267,locality.63613671,內湖區
132,臺北市私立維多爾托嬰中心,台北市內湖區民權東路六段296巷41號,內湖區,63000100,,通過,,,甲,,121.6075201,25.071267,locality.63613671,內湖區
133,臺北市私立勁寶兒文德托嬰中心,台北市內湖區內湖路二段130號,內湖區,63000100,,,乙,,,甲,121.58283,25.079829,locality.63613671,內湖區
134,臺北市私立愛寶貝內湖園托嬰中心,台北市內湖區內湖路二段271號,內湖區,63000100,,,乙,,,甲,121.590783,25.082388,locality.63613671,內湖區
135,臺北市私立艾兒嘉托嬰中心,台北市內湖區民權東路六段296巷66號,內湖區,63000100,,,乙,,,甲,121.6075201,25.071267,locality.63613671,內湖區
136,臺北市私立永寶兒托嬰中心,台北市內湖區民權東路六段180巷6號,內湖區,63000100,,,乙,,,乙,121.592548,25.068255,locality.63613671,內湖區
137,臺北市私立一貳三托嬰中心,台北市內湖區金莊路26號,內湖區,63000100,,,甲,,,甲,121.5876268,25.0636058,locality.63613671,內湖區
138,臺北市私立璽典托嬰中心,台北市內湖區石潭路61號,內湖區,63000100,,,,,甲,,121.58619,25.062565,locality.63613671,內湖區
139,臺北市私立青穗國際托嬰中心,台北市內湖區東湖路113巷5弄16號,內湖區,63000100,,,,,乙,,121.6147349,25.0691431,locality.63613671,內湖區
140,臺北市私立藝蘭托嬰中心,台北市內湖區港墘路84號,內湖區,63000100,,,,,乙,,121.577636,25.080427,locality.63613671,內湖區
141,臺北市私立小幼苗托嬰中心,台北市內湖區星雲街99號,內湖區,63000100,,,,,,乙,121.593051,25.079114,locality.63613671,內湖區
142,臺北市私立貝格爾碧湖托嬰中心,台北市內湖區內湖路二段103巷64號,內湖區,63000100,,,,,,甲,121.580874,25.084524,locality.63613671,內湖區
143,臺北市私立小狀元托嬰中心,台北市南港區市民大道八段369號,南港區,63000090,乙,,,乙,,,121.607825,25.05339,locality.63630055,南港區
144,臺北市私立拉斐爾甜心托嬰中心,台北市南港區經貿二路231號,南港區,63000090,,,甲,,,丙(輔導不通過),121.615058,25.060277,locality.63630055,南港區
145,臺北市私立拉斐爾微笑托嬰中心,台北市南港區興中路68巷6號,南港區,63000090,,,,,乙,,121.606272625304,25.0566029,locality.63630055,南港區
146,臺北市私立愛寶貝南港園托嬰中心,臺北市南港區三重里南港路1段2巷27號,南港區,63000090,,,,,甲,,121.613262,25.055301,locality.63630055,南港區
147,臺北市私立荳寶托嬰中心,台北市南港區興南街50號及52巷1號,南港區,63000090,,,,,甲,,121.601842,25.056209,locality.63630055,南港區
148,臺北市私立育德興隆托嬰中心,台北市文山區興隆路二段61巷6號,文山區,63000080,,,乙,,,甲,121.545655,24.999415,locality.63662823,文山區
149,臺北市私立勁寶兒公館托嬰中心,台北市文山區萬盛街42號,文山區,63000080,甲,,,甲,,,121.539285,25.007257,locality.63662823,文山區
150,臺北市私立芳馨園木柵托嬰中心,台北市文山區久康街24巷36號,文山區,63000080,,,乙,,,甲,121.56558325,24.989173,locality.63662823,文山區
151,臺北市私立幸福家托嬰中心,台北市文山區新光路一段31巷1號,文山區,63000080,,,乙,,,乙,121.573724,24.990759,locality.63662823,文山區
152,臺北市私立馥葆托嬰中心,台北市文山區木新路二段161巷24弄2號,文山區,63000080,,通過,,,乙,,121.5690287,24.9835321,locality.63662823,文山區
153,臺北市私立愛兒福托嬰中心,台北市文山區辛亥路四段252巷8號,文山區,63000080,,通過,,,甲,,121.5539862,25.00169,locality.63662823,文山區
154,臺北市私立樂娃兒托嬰中心,台北市文山區羅斯福路六段159巷1弄18號,文山區,63000080,,,,甲,,,121.541136,24.997546,locality.63662823,文山區
155,臺北市私立陽光夥伴托嬰中心,台北市文山區保儀路62號,文山區,63000080,,,,,乙,,121.568603,24.987262,locality.63662823,文山區
156,臺北市私立樂萌兒托嬰中心,台北市文山區木新路二段11號,文山區,63000080,,,,,甲,,121.5686729,24.9839246,locality.63662823,文山區
157,臺北市私立滬江高級中學附設員工子女托嬰中心,台北市文山區羅斯福路六段336號,文山區,63000080,,,,,,甲,121.538493,24.989279,locality.63662823,文山區
158,中山托嬰中心,台北市中山區林森北路511號,中山區,63000040,,,優等,,,優等,121.525779,25.062397,locality.63589095,中山區
159,北投托嬰中心,台北市北投區光明路22號,北投區,63000120,優等,,,優等,,,121.49925,25.132573,locality.63621863,北投區
160,大同托嬰中心,台北市大同區重慶北路三段120巷2號,大同區,63000060,,,甲等,,,優等,121.5122965,25.0672484,locality.63646439,大同區
161,萬華托嬰中心,台北市萬華區成都路98號,萬華區,63000070,,優等,,,優等,,121.503377,25.042773,locality.63679207,萬華區
162,文山托嬰中心,台北市文山區木柵路一段177號,文山區,63000080,,優等,,,優等,,121.551082,24.987916,locality.63662823,文山區
163,大安托嬰中心,台北市大安區羅斯福路四段21號,大安區,63000030,甲等,,,優等,,,121.535968,25.014207,locality.63654631,大安區
164,中正托嬰中心,台北市中正區詔安街29號,中正區,63000050,優等,,,優等,,,121.51454,25.025371,locality.63597287,中正區
165,信義托嬰中心,台北市信義區基隆路二段99號,信義區,63000020,優等,,,優等,,,121.558711,25.02917,locality.63605479,信義區
166,南港托嬰中心,台北市南港區東新街65號,南港區,63000090,優等,,,優等,,,121.58725,25.04738,locality.63630055,南港區
167,松山托嬰中心,台北市松山區健康路323號,松山區,63000010,優等,,,優等,,,121.566709,25.054361,locality.63671015,松山區
168,士林托嬰中心,台北市士林區基河路130號,士林區,63000110,,優等,,,優等,,121.522778,25.089133,locality.63638247,士林區
169,內湖托嬰中心,台北市內湖區內湖路一段659號,內湖區,63000100,,優等,,,優等,,121.575314,25.080285,locality.63613671,內湖區
170,景美托嬰中心,臺北市文山區羅斯福路6段455巷28號,文山區,63000080,,,甲等,,,優等,121.539394,25.0003,locality.63662823,文山區
171,大湖托嬰中心,台北市內湖區大湖山莊街170號,內湖區,63000100,,,優等,,,優等,121.600365,25.087338,locality.63613671,內湖區
172,萬大托嬰中心,台北市萬華區西藏路199巷,萬華區,63000070,,,甲等,,,優等,121.4999796,25.0267421,locality.63679207,萬華區
173,關渡托嬰中心,台北市北投區知行路212號2樓,北投區,63000120,,,甲等,,,優等,121.467811,25.119991,locality.63621863,北投區
174,新生托嬰中心,台北市中正區新生南路一段54巷5弄2號,中正區,63000050,,,,甲等,,,121.5322159,25.0416906,locality.63597287,中正區
175,西湖托嬰中心,台北市內湖區環山路一段25號,內湖區,63000100,,,,優等,,,121.566252,25.083759,locality.63613671,內湖區
176,健康托嬰中心,台北市松山區健康路323號,松山區,63000010,,,,甲等,,,121.566709,25.054361,locality.63671015,松山區
177,興隆托嬰中心,台北市文山區興隆路四段105巷49號,文山區,63000080,,,,甲等,,,121.560688,24.98766,locality.63662823,文山區
178,青年托嬰中心,台北市萬華區青年路188之1號,萬華區,63000070,,,,,優等,,121.502602,25.021125,locality.63679207,萬華區
179,東明托嬰中心,台北市南港區南港路二段60巷17號,南港區,63000090,,,,,,優等,121.6054802,25.0544335,locality.63630055,南港區
180,臺北市雙園社區公共托育家園,台北市萬華區寶興街12號,萬華區,63000070,,通過,甲,,,甲,121.493322,25.027353,locality.63679207,萬華區
181,臺北市舊莊社區公共托育家園,台北市南港區舊莊街一段100號,南港區,63000090,,通過,甲,,,甲,121.619436,25.039561,locality.63630055,南港區
182,臺北市私立市政大樓員工子女社區公共托育家園,台北市北投區中央北路一段73號,信義區,63000020,,通過,,,甲,,121.49962,25.133978,locality.63621863,北投區
183,臺北市興華社區公共托育家園,台北市文山區興隆路三段125巷6號,文山區,63000080,,通過,甲,,,甲,121.559341,24.999518,locality.63662823,文山區
184,臺北市吉林社區公共托育家園,台北市中山區吉林路110號,中山區,63000040,,通過,,,優,,121.5304338,25.0590271,locality.63589095,中山區
185,臺北市日善社區公共托育家園,台北市萬華區東園街19號,萬華區,63000070,,通過,,,乙,,121.495799,25.027838,locality.63679207,萬華區
186,臺北市芝山社區公共托育家園,台北市士林區德行東路285號,士林區,63000110,,通過,,,甲,,121.536739,25.110792,locality.63638247,士林區
187,臺北市成功社區公共托育家園,台北市大安區四維路198巷38弄10號,大安區,63000030,,,甲,,,優,121.547961,25.026634,locality.63654631,大安區
188,臺北市大龍社區公共托育家園,台北市大同區哈密街47號,大同區,63000060,,,甲,,,優,121.516593,25.073937,locality.63646439,大同區
189,臺北市東園社區公共托育家園,台北市萬華區東園街73巷65號,萬華區,63000070,,,優,,,優,121.498891,25.026971,locality.63679207,萬華區
190,臺北市西園社區公共托育家園,台北市萬華區東園街73巷65號,萬華區,63000070,,,甲,,,甲,121.498891,25.026971,locality.63679207,萬華區
191,臺北市萬芳社區公共托育家園,台北市文山區萬和街1號,文山區,63000080,,,甲,,,甲,121.567582,25.000408,locality.63662823,文山區
192,臺北市忠順社區公共托育家園,臺北市文山區興隆路4段109巷30弄6號,文山區,63000080,,,優,,,優,121.539245,25.004192,locality.63662823,文山區
193,臺北市葫蘆社區公共托育家園,台北市士林區環河北路三段95號,士林區,63000110,,,優,,,甲,121.507518,25.083578,locality.63638247,士林區
194,臺北市桃源社區公共托育家園,台北市北投區中央北路三段40巷45號,北投區,63000120,,,甲,,,優,121.483514,25.140237,locality.63621863,北投區
195,臺北市北投社區公共托育家園,台北市北投區中央北路一段73號,北投區,63000120,,,優,,,甲,121.49962,25.133978,locality.63621863,北投區
196,臺北市忠孝社區公共托育家園,台北市大同區西寧北路32號,大同區,63000060,,,優,,,優,121.507745,25.051397,locality.63646439,大同區
197,臺北市興雅社區公共托育家園,台北市信義區基隆路一段1段35巷47號,信義區,63000020,,,甲,,,優,121.559772,25.034566,locality.63605479,信義區
198,臺北市三玉社區公共托育家園,台北市士林區天母東路116號,士林區,63000110,,,乙,,,甲,121.537147,25.117121,locality.63638247,士林區
199,臺北市蘭雅社區公共托育家園,台北市士林區磺溪街57號,士林區,63000110,,,乙,,,甲,121.522664,25.108001,locality.63638247,士林區
200,臺北市北安社區公共托育家園,台北市中山區明水路325號,中山區,63000040,,,乙,,,甲,121.541811,25.078257,locality.63589095,中山區
201,臺北市大直社區公共托育家園,台北市中山區大直街2號,中山區,63000040,,,甲,,,甲,121.545667,25.080296,locality.63589095,中山區
202,臺北市永樂社區公共托育家園,台北市大同區延平北路二段266號,大同區,63000060,,,甲,,,甲,121.510539,25.06102,locality.63646439,大同區
203,臺北市星雲社區公共托育家園,台北市內湖區星雲街161巷3號,內湖區,63000100,,,甲,,,優,121.5962073,25.0813843,locality.63613671,內湖區
204,臺北市麗山社區公共托育家園,台北市內湖區港華街100號,內湖區,63000100,,,甲,,,優,121.572343,25.083103,locality.63613671,內湖區
205,臺北市富安社區公共托育家園,台北市士林區延平北路八段135號,士林區,63000110,,,"列入輔
導",,,甲,121.482435,25.105363,locality.63638247,士林區
206,臺北市濱中社區公共托育家園,台北市中山區樂群二路262號,中山區,63000040,,,甲,,,優,121.560982,25.078909,locality.63589095,中山區
207,臺北市新湖社區公共托育家園,台北市內湖區民權東路六段138號,內湖區,63000100,,,甲,,,甲,121.588479,25.068574,locality.63613671,內湖區
208,臺北市百齡社區公共托育家園,台北市士林區福港街205號,士林區,63000110,,,優,,,甲,121.518244,25.086179,locality.63638247,士林區
209,臺北市萬隆社區公共托育家園,台北市文山區汀州路四段207號,文山區,63000080,,,乙,,,甲,121.5357949,25.0054154,locality.63662823,文山區
210,臺北市興隆社區公共托育家園,台北市文山區福興路2號,文山區,63000080,,,乙,,,甲,121.55232,25.002516,locality.63662823,文山區
211,臺北市萬福社區公共托育家園,台北市文山區羅斯福路五段170巷32號,文山區,63000080,,,乙,,,甲,121.536782,25.005223,locality.63662823,文山區
212,臺北市龍山社區公共托育家園,台北市萬華區和平西路三段235號,萬華區,63000070,,,優,,,甲,121.4974795,25.0351993,locality.63679207,萬華區
213,臺北市吳興社區公共托育家園,台北市信義區松仁路226號,信義區,63000020,,,甲,,,乙,121.568009,25.025639,locality.63605479,信義區
214,臺北市文湖社區公共托育家園,台北市內湖區文湖街15號,內湖區,63000100,,,優,,,優,121.559865,25.086486,locality.63613671,內湖區
215,臺北市武功社區公共托育家園,台北市文山區興隆路三段58號,文山區,63000080,,,甲,,,甲,121.555995,25.000018,locality.63662823,文山區
216,臺北市松民社區公共托育家園,台北市松山區民生東路五段163號,松山區,63000010,,,,優,,,121.56291,25.059315,locality.63671015,松山區
217,臺北市族中社區公共托育家園,台北市萬華區中華路二段606巷3號,大安區,63000030,,,,優,,,121.509975,25.024144,locality.63679207,萬華區
218,臺北市洲美社區公共托育家園,台北市北投區福美路221號,北投區,63000120,,,,優,,,121.5053282,25.1004675,locality.63621863,北投區
219,臺北市潭美社區公共托育家園,臺北市內湖區行善路179號,內湖區,63000100,,,,優,,,121.581578,25.058448,locality.63613671,內湖區
220,臺北市文昌社區公共托育家園,台北市士林區文林路615巷20號,士林區,63000110,,,,優,,,121.521193,25.099693,locality.63638247,士林區
221,臺北市士林社區公共托育家園,台北市士林區大東路165號,士林區,63000110,,,,甲,,,121.524285,25.093172,locality.63638247,士林區
222,臺北市永建社區公共托育家園,台北市文山區木柵路一段311號,文山區,63000080,,,,甲,,,121.5559158,24.9893352,locality.63662823,文山區
223,臺北市大安社區公共托育家園,台北市大安區臥龍街129號,大安區,63000030,,,,甲,,,121.550046,25.019959,locality.63654631,大安區
224,臺北市懷中社區公共托育家園,台北市大安區仁愛路三段123巷,大安區,63000030,,,,甲,,,121.54249195,25.0386652,locality.63654631,大安區
225,臺北市辛亥社區公共托育家園,臺北市文山區辛亥路4段103號,文山區,63000080,,,,甲,,,121.553242,24.986464,locality.63662823,文山區
226,臺北市文北社區公共托育家園,台北市北投區文林北路75巷61號,北投區,63000120,,,,甲,,,121.5169008,25.104231,locality.63621863,北投區
227,臺北市濱江社區公共托育家園,台北市中山區樂群二路266巷99號,中山區,63000040,,,,甲,,,121.560944,25.07744,locality.63589095,中山區
228,臺北市亭中社區公共托育家園,台北市萬華區中華路二段606巷3號,萬華區,63000070,,,,甲,,,121.509975,25.024144,locality.63679207,萬華區
229,臺北市老松社區公共托育家園,臺北市萬華區桂林路64號,萬華區,63000070,,,,,優,,121.502679,25.037517,locality.63679207,萬華區
230,臺北市玉成社區公共托育家園,台北市南港區向陽路31號,南港區,63000090,,,,,優,,121.593777,25.053722,locality.63630055,南港區
231,臺北市南海社區公共托育家園,台北市中正區延平南路207號,中正區,63000050,,,,,甲,,121.507589,25.03484,locality.63597287,中正區
232,臺北市溪口社區公共托育家園,台北市文山區景福街225號,文山區,63000080,,,,,,甲,121.538948,24.994623,locality.63662823,文山區
233,臺北市瑞光社區公共托育家園,台北市北投區中央北路一段73號,內湖區,63000100,,,,,,甲,121.49962,25.133978,locality.63621863,北投區
