id,類型,鄉鎮,name,幼兒園電話,addr,核定總招收人數,收費金額,center_longitude,center_latitudes,locality_ids,dist
1,私立,文山區,臺北市私立滬江高級中學附設幼兒園,(02)86631122,臺北市文山區羅斯福路六段336號,212,126000.0,121.538493,24.989279,locality.63662823,文山區
2,私立,南港區,中央研究院附設臺北市私立幼兒園,(02)27871451,臺北市南港區研究院路2段12巷75號1樓,120,45810.0,121.614477,25.0484532,locality.63630055,南港區
3,私立,南港區,世平興業股份有限公司附設臺北市私立員工子女幼兒園,(02)26530137,臺北市南港區成功路一段70、72、74號1樓,140,115800.0,121.5933486,25.0546523,locality.63630055,南港區
4,準公共,萬華區,北部台灣基督長老教會艋舺教會附設臺北市私立愛心幼兒園,(02)23314921#11,臺北市萬華區貴陽街二段94號1樓,90,78300.0,121.503155,25.039904,locality.63679207,萬華區
5,準公共,中山區,有限責任臺北市立五常國民中學員生消費合作社附設臺北市私立員工子女幼兒園,(02)25048846,臺北市中山區復興北路430巷1號1樓,40,71280.0,121.543148,25.063802,locality.63589095,中山區
6,準公共,大安區,有限責任臺北市立金華國民中學員生消費合作社附設臺北市私立員工子女幼兒園,(02)33931799#591,臺北市大安區新生南路二段32號1樓,40,71280.0,121.532312,25.030859,locality.63654631,大安區
7,私立,文山區,私立再興高級中學附設臺北市幼兒園,(02)29366803#302,臺北市文山區木柵路二段6號,540,53752.0,121.560158,24.988729,locality.63662823,文山區
8,私立,中正區,法務部附設臺北市私立員工子女幼兒園,(02)23713445,臺北市中正區重慶南路1段136巷2號1樓,70,79620.0,121.513412,25.046765,locality.63597287,中正區
9,私立,大安區,社團法人台北市兒童托育協會附設臺北市私立安東幼兒園,(02)27067642,臺北市大安區瑞安街75號2樓,182,,121.541102,25.028211,locality.63654631,大安區
10,非營利,文山區,社團法人台北市兒童托育協會附設臺北市私立實踐非營利幼兒園（臺北市政府委託辦理）,(02)29390246,臺北市文山區忠順街一段4號1樓,90,0.0,121.557374,24.983094,locality.63662823,文山區
11,非營利,內湖區,社團法人臺北市幼托協會附設臺北市私立星雲非營利幼兒園（臺北市政府委託辦理）,(02)87918776,臺北市內湖區星雲街161巷3號2樓,85,0.0,121.5962073,25.0813843,locality.63613671,內湖區
12,私立,內湖區,恕德學校財團法人附設臺北市私立恕德幼兒園,(02)27997608,臺北市內湖區內湖路一段353號,120,118580.0,121.569031,25.082169,locality.63613671,內湖區
13,非營利,大安區,耕莘健康管理專科學校附設臺北市私立黃鸝鳥非營利幼兒園（臺北市政府委託辦理）,(02)23621071,臺北市大安區羅斯福路四段21號,76,0.0,121.535968,25.014207,locality.63654631,大安區
14,非營利,中正區,耕莘健康管理專科學校附設臺北市私立螢橋非營利幼兒園(臺北市政府委託辦理),(02)23621061,臺北市中正區汀洲路三段4號,106,0.0,121.531253,25.014341,locality.63597287,中正區
15,私立,大安區,財團法人中國文化大學附設臺北市私立文化幼兒園,(02)27085583,臺北市大安區瑞安街256巷18號及20號1樓,41,103000.0,121.538743,25.027394,locality.63654631,大安區
16,私立,信義區,財團法人中華文化社會福利事業基金會台北兒童福利中心附設臺北市私立實驗幼兒園,(02)27679264#501,臺北市信義區虎林街120巷270號1樓,930,87240.0,121.57369,25.042199,locality.63605479,信義區
17,私立,大安區,財團法人中華民國郵政職工福利委員會附設臺北市私立員工子女幼兒園,(02)23931261#3516,臺北市大安區愛國東路210巷9號2樓,111,54000.0,121.5239505,25.0313459,locality.63654631,大安區
18,準公共,中正區,財團法人中華基督教衛理公會附設臺北市私立城中衛理幼兒園,(02)23952273,臺北市中正區寧波東街9巷6號1樓,90,71946.0,121.5190252,25.0328537,locality.63597287,中正區
19,私立,萬華區,財團法人天主教光仁文教基金會附設臺北市私立育仁幼兒園,(02)23040131,臺北市萬華區興寧街70號,150,73806.0,121.5016372,25.032283,locality.63679207,萬華區
20,私立,大安區,財團法人天主教會台北教區附設臺北市私立信光幼兒園,(02)27386770,臺北市大安區通化街178號1樓,210,64960.0,121.554126,25.029808,locality.63654631,大安區
21,私立,大同區,財團法人天主教會台北教區附設臺北市私立聖心幼兒園,(02)25578119,臺北市大同區民生西路245號1樓至3樓,330,52500.0,121.514915,25.057421,locality.63646439,大同區
22,私立,北投區,財團法人天主教會台北教區附設臺北市私立達義幼兒園,(02)28270668,臺北市北投區致遠一路2段40巷11號1樓,180,72810.0,121.513791,25.111921,locality.63621863,北投區
23,私立,大安區,財團法人天主教會台北教區附設臺北市私立曉星幼兒園,(02)27033211,臺北市大安區延吉街254號1樓,90,69090.0,121.556316,25.03469,locality.63654631,大安區
24,私立,文山區,財團法人天主教會臺北教區附設臺北市私立若石幼兒園,(02)29328022,臺北市文山區羅斯福路五段51號1樓,240,69336.0,121.53917,25.00708,locality.63662823,文山區
25,私立,大同區,財團法人王氏太原堂附設臺北市私立太原幼兒園,(02)25942628,臺北市大同區迪化街二段243巷2號1樓,210,59700.0,121.511628,25.070355,locality.63646439,大同區
26,私立,文山區,財團法人台北市中國基督教靈糧世界佈道會台北靈糧堂附設臺北市私立靈糧幼兒園,(02)86636650,臺北市文山區萬美街2段80號1樓,90,,121.568729,25.000502,locality.63662823,文山區
27,私立,文山區,財團法人台北市中華基督教青年會附設臺北市私立文山幼兒園,(02)22362817,臺北市文山區和興路2號1樓至2樓,228,69460.0,121.548894990269,24.9853033,locality.63662823,文山區
28,私立,信義區,財團法人台北市中華基督教青年會附設臺北市私立永吉幼兒園,(02)2763-1261,臺北市信義區永吉路500號,90,87200.0,121.579201,25.047405,place.3057895,臺北市
29,私立,文山區,財團法人台北市中華基督教景美浸信會附設臺北市私立聖愛幼兒園,(02)29332244,臺北市文山區育英街63號,60,49150.0,121.538788,24.991987,locality.63662823,文山區
30,私立,大安區,財團法人台北市中華基督教衛理公會衛理堂附設台北市私立衛理幼兒園,(02)27713679,臺北市大安區新生南路一段113號1樓,195,64480.0,121.532881,25.040192,locality.63654631,大安區
31,私立,中正區,財團法人台北市私立強恕高級中學附設臺北市私立幼兒園,(02)23680818,臺北市中正區汀州路二段143號1樓,150,53796.0,121.520291,25.025213,locality.63597287,中正區
32,私立,大安區,財團法人台北市基督教浸信會懷恩堂附設臺北市私立懷恩幼兒園,(02)23636593,臺北市大安區新生南路3段90號1樓,150,65700.0,121.534772,25.025873,locality.63654631,大安區
33,私立,文山區,財團法人台北市華亞之聲社中華基督教便以利教會附設臺北市私立華聲幼兒園,(02)29392038,臺北市文山區指南路2段11號1樓,235,78000.0,121.579684,24.983782,locality.63662823,文山區
34,私立,中正區,財團法人台北基督教女青年會附設臺北市私立幼兒園,(02)23816619,臺北市中正區青島西路7號2樓,106,,121.5183994,25.0447191,locality.63597287,中正區
35,私立,大安區,財團法人台灣聖公會附設臺北市私立聖約翰幼兒園,(02)27327334,臺北市大安區復興南路二段280號,90,61350.0,121.543085,25.02441,locality.63654631,大安區
36,私立,士林區,財團法人林迺翁文教基金會附設臺北市私立天鵝堡幼兒園,(02)28411618,臺北市士林區至善路2段280之1號,210,57000.0,121.579569054154,25.11995205,locality.63638247,士林區
37,私立,中正區,財團法人信誼基金會附設臺北市私立實驗幼兒園,(02)23965305#1023,臺北市中正區重慶南路二段75號2樓,64,86800.0,121.515444,25.030044,locality.63597287,中正區
38,非營利,萬華區,財團法人海棠文教基金會附設臺北市私立國興非營利幼兒園(臺北市政府委託辦理),(02)2303-8164,臺北市萬華區國興路46號1樓及2樓,138,0.0,121.508391,25.023714,locality.63679207,萬華區
39,私立,南港區,財團法人國光慈善事業基金會附設臺北市私立三軍幼兒園,(02)27858410#27,臺北市南港區南港路二段146號1樓,300,42021.0,121.600494,25.053653,locality.63630055,南港區
40,私立,大同區,財團法人陳德星堂附設臺北市私立德星幼兒園,(02)25567150#16,臺北市大同區寧夏路27號1樓,150,69840.0,121.514775,25.054269,locality.63646439,大同區
41,準公共,松山區,財團法人福智文教基金會附設臺北市私立妙行幼兒園,(02)25451351,臺北市松山區南京東路4段133巷5弄23號1樓,34,77136.0,121.549716,25.051648,locality.63671015,松山區
42,非營利,內湖區,財團法人福智文教基金會附設臺北市私立妙善非營利幼兒園（臺北市政府委託辦理）,(02)27921389,臺北市內湖區行善路25巷13號1樓,89,0.0,121.581577785312,25.05844815,locality.63613671,內湖區
43,非營利,內湖區,財團法人福智文教基金會附設臺北市私立妙善非營利幼兒園（臺北市政府委託辦理）行善分班,(02)2792-1389,臺北市內湖區行善路25巷11號,60,0.0,121.581577785312,25.05844815,locality.63613671,內湖區
44,非營利,內湖區,財團法人福智文教基金會附設臺北市私立妙善非營利幼兒園（臺北市政府委託辦理）潭美分班,(02)2790-6877,臺北市內湖區行善路179號,16,0.0,121.581578,25.058448,locality.63613671,內湖區
45,準公共,松山區,財團法人福智文教基金會附設臺北市私立妙慧幼兒園,(02)25451307,臺北市松山區南京東路4段133巷5弄25號,40,78348.0,121.549716,25.051648,locality.63671015,松山區
46,私立,大安區,財團法人臺北市私立立人國際國民中小學附設臺北市私立幼兒園,(02)27361388#518,臺北市大安區安和路二段99號,240,60495.0,121.551916,25.02957,locality.63654631,大安區
47,私立,松山區,財團法人臺北市私立立德幼兒園,(02)27670043,臺北市松山區南京東路5段123巷8弄47號1樓,210,48000.0,121.563826,25.051487,locality.63671015,松山區
48,私立,大安區,財團法人臺北市私立金甌女子高級中學附設臺北市私立幼兒園,(02)33931683,臺北市大安區杭州南路二段1號1樓,90,86322.0,121.524436,25.034729,locality.63654631,大安區
49,私立,大安區,財團法人臺北市私立復興實驗高級中學附設臺北市私立幼兒園,(02)27715859#411,臺北市大安區敦化南路一段262號1樓,300,121010.0,121.547879,25.039337,locality.63654631,大安區
50,私立,大安區,財團法人臺北市私立蒙特梭利幼兒園,(02)27529503#20,臺北市大安區新生南路1段103巷27號,150,151510.0,121.535337,25.017768,locality.63654631,大安區
51,私立,大安區,財團法人臺灣大學校園建設基金會附設臺北市私立幼兒園,(02)33664428,臺北市大安區基隆路四段144巷59弄12號1樓,120,55530.0,121.540357,25.016374,locality.63654631,大安區
52,私立,松山區,財團法人臺灣省臺南市天主教鮑思高慈幼會附設臺北市私立思高幼兒園,(02)27135473,臺北市松山區民生東路三段125號1樓,180,82200.0,121.546051,25.057663,locality.63671015,松山區
53,私立,北投區,財團法人臺灣基督長老教會雙連教會附設臺北市私立雙連幼兒園,(02)28228444,臺北市北投區承德路7段221號,1200,65310.0,121.522367,25.08048,locality.63638247,士林區
54,私立,士林區,財團法人臺灣聖公會附設臺北市私立牧愛堂幼兒園,(02)28823460,臺北市士林區中正路509號,270,84840.0,121.522015,25.092992,locality.63638247,士林區
55,公立,文山區,國立政治大學附設實驗國民小學附設幼兒園,(02)29393091#80105,臺北市文山區指南路二段64號,90,21588.0,121.575432,24.9816,locality.63662823,文山區
56,公立,大安區,國立臺北教育大學附設實驗國民小學附設幼兒園,(02)27356186#184,臺北市大安區和平東路二段94號,120,21588.0,121.540503,25.02468,locality.63654631,大安區
57,私立,中正區,國立臺灣大學醫學院附設醫院附設臺北市私立員工子女幼兒園,(02)23123456#67384,臺北市中正區常德街1號1樓,152,58820.0,121.520156,25.040593,locality.63597287,中正區
58,準公共,中正區,國防醫學院附設臺北市私立愛德幼兒園,(02)23686489,臺北市中正區汀州路3段24巷5弄12號,108,,121.525625,25.020896,locality.63597287,中正區
59,私立,內湖區,康軒文教事業股份有限公司附設臺北市私立員工子女幼兒園,(02)27990099,臺北市內湖區文德路66巷99號1至3樓,293,169220.0,121.5818845,25.0766286,locality.63613671,內湖區
60,私立,大安區,新民學校財團法人附設臺北市私立幼兒園,(02)23630450#600,臺北市大安區辛亥路一段113號1樓,90,,121.531712,25.022426,locality.63654631,大安區
61,私立,內湖區,遊戲橘子數位科技股份有限公司附設臺北市私立員工子女幼橘園幼兒園,(02)26589690,臺北市內湖區港墘路221巷33號1樓,75,87900.0,121.574611,25.073603,locality.63613671,內湖區
62,私立,中山區,實踐大學附設臺北市私立幼兒園,(02)25336078,臺北市中山區大直街70號1樓,20,56250.0,121.546232,25.083414,locality.63589095,中山區
63,非營利,信義區,臺北市?公非營利幼兒園（委託社團法人中華音樂舞蹈暨表演藝術教育協會辦理）,(02)27279090,臺北市信義區福德街221巷15號,168,0.0,121.586066,25.037006,locality.63605479,信義區
64,非營利,內湖區,臺北市三民亦禮非營利幼兒園（委託財團法人中華民國唐氏症基金會辦理）,(02)2796-8321,臺北市內湖區民權東路六段45號,106,0.0,121.586068,25.070144,locality.63613671,內湖區
65,非營利,士林區,臺北市三玉非營利幼兒園（委託社團法人台北市幼兒園協會辦理）,(02)88661016,臺北市士林區忠誠路二段53巷7號1、2樓,198,0.0,121.5308989,25.1111015,locality.63638247,士林區
66,公立,士林區,臺北市士林區士東國民小學附設幼兒園,(02)28710064#267,臺北市士林區中山北路6段392號,90,21588.0,121.528123,25.09362,locality.63638247,士林區
67,公立,士林區,臺北市士林區士林國民小學附設幼兒園,(02)28812231#252,臺北市士林區大東路165號,136,21588.0,121.524285,25.093172,locality.63638247,士林區
68,公立,士林區,臺北市士林區文昌國民小學附設幼兒園,(02)28365411#170,臺北市士林區文林路615巷20號,106,21588.0,121.521193,25.099693,locality.63638247,士林區
69,公立,士林區,臺北市士林區平等國民小學附設幼兒園,(02)28610503#22,臺北市士林區平菁街101號,30,21588.0,121.576578,25.128902,locality.63638247,士林區
70,公立,士林區,臺北市士林區百齡國民小學附設幼兒園,(02)28817683#880,臺北市士林區福港街205號,226,21588.0,121.518244,25.086179,locality.63638247,士林區
71,公立,士林區,臺北市士林區社子國民小學附設幼兒園,(02)28151320#10,臺北市士林區延平北路六段308號,234,21588.0,121.502559,25.090933,locality.63638247,士林區
72,公立,士林區,臺北市士林區芝山國民小學附設幼兒園,(02)28348111#10,臺北市士林區德行東路285號,220,21588.0,121.536739,25.110792,locality.63638247,士林區
73,公立,士林區,臺北市士林區雨農國民小學附設幼兒園,(02)28329700#129,臺北市士林區忠義街1號,128,21588.0,121.530122,25.104919,locality.63638247,士林區
74,公立,士林區,臺北市士林區雨聲國民小學附設幼兒園,(02)28311420#262,臺北市士林區至誠路一段62巷70號,152,21588.0,121.535194,25.103115,locality.63638247,士林區
75,公立,士林區,臺北市士林區富安國民小學附設幼兒園,(02)28103192#120,臺北市士林區延平北路八段135號,106,21588.0,121.482435,25.105363,locality.63638247,士林區
76,公立,士林區,臺北市士林區陽明山國民小學附設幼兒園,(02)28616046#163,臺北市士林區仰德大道三段61號,76,21588.0,121.552547,25.119572,locality.63638247,士林區
77,公立,士林區,臺北市士林區溪山國民小學附設幼兒園,(02)28411010#123,臺北市士林區至善路三段199號,30,21588.0,121.579569,25.119952,locality.63638247,士林區
78,公立,士林區,臺北市士林區葫蘆國民小學附設幼兒園,(02)28129586#872,臺北市士林區環河北路3段95號,136,21588.0,121.507518274968,25.08357805,locality.63638247,士林區
79,公立,士林區,臺北市士林區福林國民小學附設幼兒園,(02)28316293#206,臺北市士林區福志路75號,106,21588.0,121.529911,25.098051,locality.63638247,士林區
80,公立,士林區,臺北市士林區劍潭國民小學附設幼兒園,(02)28853564#111,臺北市士林區通河街16號,120,21588.0,121.5227,25.079521,locality.63638247,士林區
81,公立,士林區,臺北市士林區雙溪國民小學附設幼兒園,(02)28411038#21,臺北市士林區中社路二段66號,30,21588.0,121.564679,25.10655,locality.63638247,士林區
82,公立,士林區,臺北市士林區蘭雅國民小學附設幼兒園,(02)28328086#17,臺北市士林區磺溪街57號,166,21588.0,121.522664,25.108001,locality.63638247,士林區
83,公立,大同區,臺北市大同區大同國民小學附設幼兒園,(02)25965407#171,臺北市大同區大龍街51號,120,21588.0,121.516255,25.065707,locality.63646439,大同區
84,公立,大同區,臺北市大同區大橋國民小學附設幼兒園,(02)25944413#161,臺北市大同區重慶北路三段2號,106,21588.0,121.512798,25.064132,locality.63646439,大同區
85,公立,大同區,臺北市大同區大龍國民小學附設幼兒園,(02)25942635#878,臺北市大同區哈密街47號,166,21588.0,121.516593,25.073937,locality.63646439,大同區
86,公立,大同區,臺北市大同區太平國民小學附設幼兒園,(02)25532229#873,臺北市大同區延平北路二段239號,152,21588.0,121.512356,25.061701,locality.63646439,大同區
87,公立,大同區,臺北市大同區日新國民小學附設幼兒園,(02)25584819#512,臺北市大同區太原路151號,150,21588.0,121.517064,25.054223,locality.63646439,大同區
88,公立,大同區,臺北市大同區永樂國民小學附設幼兒園,(02)25534882#115,臺北市大同區延平北路二段266號,182,21588.0,121.510539,25.06102,locality.63646439,大同區
89,公立,大同區,臺北市大同區延平國民小學附設幼兒園,(02)25942439#281,臺北市大同區昌吉街97號,120,21588.0,121.512373,25.066588,locality.63646439,大同區
90,公立,大同區,臺北市大同區蓬萊國民小學附設幼兒園,(02)25569835#120,臺北市大同區寧夏路35號,98,21588.0,121.516119,25.05626,locality.63646439,大同區
91,公立,大同區,臺北市大同區雙蓮國民小學附設幼兒園,(02)25570309#1902,臺北市大同區錦西街51號,150,21588.0,121.516813,25.060601,locality.63646439,大同區
92,公立,大安區,臺北市大安區大安國民小學附設幼兒園,(02)27322332#871,臺北市大安區臥龍街129號1至2樓,226,21588.0,121.550046,25.019959,locality.63654631,大安區
93,公立,大安區,臺北市大安區仁愛國民小學附設幼兒園,(02)27095010#509,臺北市大安區安和路一段60號1樓,120,21588.0,121.551264,25.035759,locality.63654631,大安區
94,公立,大安區,臺北市大安區公館國民小學附設幼兒園,(02)27351734#271,臺北市大安區基隆路四段41巷68弄2號,90,21588.0,121.54283,25.012466,locality.63654631,大安區
95,公立,大安區,臺北市大安區古亭國民小學附設幼兒園,(02)23639795#874,臺北市大安區羅斯福路三段201號,120,21588.0,121.528713,25.020546,locality.63654631,大安區
96,公立,大安區,臺北市大安區幸安國民小學附設幼兒園,(02)27074191#3600,臺北市大安區仁愛路三段22號,196,21588.0,121.534945,25.036981,locality.63654631,大安區
97,公立,大安區,臺北市大安區建安國民小學附設幼兒園,(02)27077119#170,臺北市大安區大安路二段99號,150,21588.0,121.547011,25.029345,locality.63654631,大安區
98,公立,大安區,臺北市大安區新生國民小學附設幼兒園,(02)23913122#250,臺北市大安區新生南路二段36號,120,21588.0,121.532718,25.029749,locality.63654631,大安區
99,公立,大安區,臺北市大安區銘傳國民小學附設幼兒園,(02)23639815#20,臺北市大安區羅斯褔路四段21號,60,21588.0,121.534395,25.026515,country.8935,Taiwan
100,公立,大安區,臺北市大安區龍安國民小學附設幼兒園,(02)23628493#20,臺北市大安區新生南路三段33號1樓至3樓,180,21588.0,121.534844,25.02394,locality.63654631,大安區
101,非營利,大同區,臺北市大龍峒非營利幼兒園（委託財團法人台北基督教女青年會辦理）,(02)25922221,臺北市大同區重慶北路3段320號,106,0.0,121.512683,25.07463,locality.63646439,大同區
102,公立,中山區,臺北市中山區大佳國民小學附設幼兒園,(02)25059744,臺北市中山區濱江街107號2樓,60,21588.0,121.536434,25.073656,locality.63589095,中山區
103,公立,中山區,臺北市中山區大直國民小學附設幼兒園,(02)25336733#13,臺北市中山區大直街2號,106,21588.0,121.545667,25.080296,locality.63589095,中山區
104,公立,中山區,臺北市中山區中山國民小學附設幼兒園,(02)25914085#52,臺北市中山區民權東路一段69號,180,21588.0,121.52643,25.063769,locality.63589095,中山區
105,公立,中山區,臺北市中山區中正國民小學附設幼兒園,(02)25063653#174,臺北市中山區龍江路62號,136,21588.0,121.539452,25.050921,locality.63589095,中山區
106,公立,中山區,臺北市中山區五常國民小學附設幼兒園,(02)25023416#114,臺北市中山區五常街16號,226,21588.0,121.541746,25.063794,locality.63589095,中山區
107,公立,中山區,臺北市中山區永安國民小學附設幼兒園,(02)25335672#270,臺北市中山區明水路397巷19弄1號,150,21588.0,121.549514,25.079179,locality.63589095,中山區
108,公立,中山區,臺北市中山區吉林國民小學附設幼兒園,(02)25221525#10,臺北市中山區長春路116號,174,21588.0,121.534627,25.0546671,locality.63589095,中山區
109,公立,中山區,臺北市中山區長安國民小學附設幼兒園,(02)25617600#170,臺北市中山區吉林路15號,136,21588.0,121.531385,25.050361,locality.63589095,中山區
110,公立,中山區,臺北市中山區長春國民小學附設幼兒園,(02)25024366#184,臺北市中山區長春路165號,120,21588.0,121.534217,25.055706,locality.63589095,中山區
111,公立,中山區,臺北市中山區濱江國民小學附設幼兒園,(02)85021571#1500,臺北市中山區樂群2路266巷99號,182,21588.0,121.553751,25.080018,locality.63589095,中山區
112,公立,中山區,臺北市中山區懷生國民小學附設幼兒園,(02)27710846#903,臺北市中山區安東街16巷2號,30,21588.0,121.541493,25.045017,locality.63589095,中山區
113,公立,中正區,臺北市中正區忠孝國民小學附設幼兒園,(02)23918170#833,臺北市中正區忠孝東路二段101號1樓,60,21588.0,121.531669,25.043022,locality.63597287,中正區
114,公立,中正區,臺北市中正區忠義國民小學附設幼兒園,(02)23035882,臺北市中正區中華路二段307巷17號1樓,60,21588.0,121.505793,25.029913,locality.63597287,中正區
115,公立,中正區,臺北市中正區東門國民小學附設幼兒園,(02)23412051#36,臺北市中正區仁愛路一段2之4號,150,21588.0,121.52047,25.038303,locality.63597287,中正區
116,公立,中正區,臺北市中正區河堤國民小學附設幼兒園,(02)23677144#875,臺北市中正區汀州路二段180號1樓,120,21588.0,121.522224,25.022942,locality.63597287,中正區
117,公立,中正區,臺北市中正區南門國民小學附設幼兒園,(02)23715052#801,臺北市中正區廣州街6號,60,21588.0,121.508958,25.034275,locality.63597287,中正區
118,公立,中正區,臺北市中正區國語實驗國民小學附設幼兒園,(02)23118126#19,臺北市中正區重慶南路二段14之4號1樓,180,21588.0,121.512691,25.034823,locality.63597287,中正區
119,公立,中正區,臺北市中正區螢橋國民小學附設幼兒園,(02)23048543#22,臺北市中正區詔安街29號1樓,144,21588.0,121.51454,25.025371,locality.63597287,中正區
120,公立,內湖區,臺北市內湖區大湖國民小學附設幼兒園,(02)27915870#71,臺北市內湖區大湖山莊街170號,160,21588.0,121.600365,25.087338,locality.63613671,內湖區
121,公立,內湖區,臺北市內湖區內湖國民小學附設幼兒園,(02)27970237#576,臺北市內湖區內湖路二段41號1樓,128,21588.0,121.580573,25.079786,locality.63613671,內湖區
122,公立,內湖區,臺北市內湖區文湖國民小學附設幼兒園,(02)26583515#1030,臺北市內湖區文湖街15號,182,21588.0,121.559865,25.086486,locality.63613671,內湖區
123,公立,內湖區,臺北市內湖區西湖國民小學附設幼兒園,(02)27997447#181,臺北市內湖區環山路一段25號,84,21588.0,121.566252,25.083759,locality.63613671,內湖區
124,公立,內湖區,臺北市內湖區明湖國民小學附設幼兒園,(02)26323477#50,臺北市內湖區康寧路三段105號1樓,90,21588.0,121.612552,25.075874,locality.63613671,內湖區
125,公立,內湖區,臺北市內湖區東湖國民小學附設幼兒園,(02)26339984#226,臺北市內湖區東湖路115號,196,21588.0,121.6148438,25.0684897,locality.63613671,內湖區
126,公立,內湖區,臺北市內湖區南湖國民小學附設幼兒園,(02)26321296#71,臺北市內湖區康寧路三段200號,180,21588.0,121.610902,25.067929,locality.63613671,內湖區
127,公立,內湖區,臺北市內湖區康寧國民小學附設幼兒園,(02)27901237#162,臺北市內湖區星雲街121號,150,21588.0,121.594448,25.080515,locality.63613671,內湖區
128,公立,內湖區,臺北市內湖區新湖國民小學附設幼兒園,(02)27963721#130,臺北市內湖區民權東路六段138號,196,21588.0,121.588479,25.068574,locality.63613671,內湖區
129,公立,內湖區,臺北市內湖區碧湖國民小學附設幼兒園,(02)27916283#191,臺北市內湖區金龍路100號,152,21588.0,121.591433,25.084266,locality.63613671,內湖區
130,公立,內湖區,臺北市內湖區潭美國民小學附設幼兒園,(02)27917334#271,臺北市內湖區行善路179號,46,21588.0,121.581578,25.058448,locality.63613671,內湖區
131,公立,內湖區,臺北市內湖區麗山國民小學附設幼兒園,(02)26574158#718,臺北市內湖區港華街100號,196,21588.0,121.572343,25.083103,locality.63613671,內湖區
132,公立,內湖區,臺北市內湖區麗湖國民小學附設幼兒園,(02)26343888#600,臺北市內湖區金湖路363巷8號,166,21588.0,121.601189,25.072027,locality.63613671,內湖區
133,非營利,士林區,臺北市天母非營利幼兒園（委託社團法人台北市幼兒園協會辦理）,(02)28772327,臺北市士林區天玉街12號,90,0.0,121.527027,25.119726,locality.63638247,士林區
134,公立,文山區,臺北市文山區力行國民小學附設幼兒園,(02)29383606#751,臺北市文山區木新路三段155巷7號,150,21588.0,121.560698,24.980634,locality.63662823,文山區
135,公立,文山區,臺北市文山區木柵國民小學附設幼兒園,(02)29391234#810,臺北市文山區木柵路3段191號,120,21588.0,121.542718,24.988517,locality.63662823,文山區
136,公立,文山區,臺北市文山區志清國民小學附設幼兒園,(02)29323875#572,臺北市文山區景福街21巷5號,90,21588.0,121.539213,24.997959,locality.63662823,文山區
137,公立,文山區,臺北市文山區辛亥國民小學附設幼兒園,(02)89321312,臺北市文山區辛亥路4段103號,76,21588.0,121.553242,24.986464,locality.63662823,文山區
138,公立,文山區,臺北市文山區明道國民小學附設幼兒園,(02)29392821#171,臺北市文山區木柵路2段138巷61號,76,21588.0,121.564155,24.98846,locality.63662823,文山區
139,公立,文山區,臺北市文山區武功國民小學附設幼兒園,(02)29314360#22,臺北市文山區興隆路一段68號,120,21588.0,121.539682,25.003619,locality.63662823,文山區
140,公立,文山區,臺北市文山區指南國民小學附設幼兒園,(02)29393546#17,臺北市文山區指南路3段38巷5之2號,30,21588.0,121.5944088,24.9735089,locality.63662823,文山區
141,公立,文山區,臺北市文山區博嘉國民小學附設幼兒園,(02)22302585#162,臺北市文山區木柵路4段159巷14號,90,21588.0,121.564332,24.988463,locality.63662823,文山區
142,公立,文山區,臺北市文山區景美國民小學附設幼兒園,(02)29322151#280,臺北市文山區景文街108號,128,21588.0,121.54026,24.989141,locality.63662823,文山區
143,公立,文山區,臺北市文山區景興國民小學附設幼兒園,(02)29329439#781,臺北市文山區景華街150巷21號,136,21588.0,121.548788,24.996291,locality.63662823,文山區
144,公立,文山區,臺北市文山區溪口國民小學附設幼兒園,(02)29350955#760,臺北市文山區景福街225號,136,21588.0,121.538948,24.994623,locality.63662823,文山區
145,公立,文山區,臺北市文山區萬芳國民小學附設幼兒園,(02)22301232#816,臺北市文山區萬和街1號,196,21588.0,121.567582,25.000408,locality.63662823,文山區
146,公立,文山區,臺北市文山區萬福國民小學附設幼兒園,(02)29353123#171,臺北市文山區羅斯福路5段170巷32號,136,21588.0,121.539822,25.000364,locality.63662823,文山區
147,公立,文山區,臺北市文山區萬興國民小學附設幼兒園,(02)29370234#181,臺北市文山區秀明路2段114號,60,21588.0,121.563201,24.989101,locality.63662823,文山區
148,公立,文山區,臺北市文山區興華國民小學附設幼兒園,(02)22393070#170,臺北市文山區興隆路3段125巷6號,106,21588.0,121.545176,24.998822,locality.63662823,文山區
149,公立,文山區,臺北市文山區興隆國民小學附設幼兒園,(02)29323131#115,臺北市文山區福興路2號,166,21588.0,121.55232,25.002516,locality.63662823,文山區
150,公立,文山區,臺北市文山區興德國民小學附設幼兒園,(02)29329431#65,臺北市文山區興隆路2段235號,30,21588.0,121.555296,25.000257,locality.63662823,文山區
151,非營利,文山區,臺北市文修非營利幼兒園（委託財團法人三之三生命教育基金會辦理）,(02)29355633,臺北市文山區興隆路一段68號(武功國小內),136,0.0,121.539682,25.003619,locality.63662823,文山區
152,公立,北投區,臺北市北投區大屯國民小學附設幼兒園,(02)28914353#31,臺北市北投區復興三路312號,30,21588.0,121.504129,25.155145,locality.63621863,北投區
153,公立,北投區,臺北市北投區文化國民小學附設幼兒園,(02)28933828#171,臺北市北投區文化三路1號,60,21588.0,121.496197,25.13714,locality.63621863,北投區
154,公立,北投區,臺北市北投區文林國民小學附設幼兒園,(02)28234212#800,臺北市北投區文林北路155號,174,21588.0,121.514105,25.105847,locality.63621863,北投區
155,公立,北投區,臺北市北投區北投國民小學附設幼兒園,(02)28912052#266,臺北市北投區中央北路一段73號,204,21588.0,121.49962,25.133978,locality.63621863,北投區
156,公立,北投區,臺北市北投區石牌國民小學附設幼兒園,(02)28227484#170,臺北市北投區致遠二路80號,210,21588.0,121.512264,25.115309,locality.63621863,北投區
157,公立,北投區,臺北市北投區立農國民小學附設幼兒園,(02)28210702#600,臺北市北投區立農街一段250號,128,21588.0,121.504702,25.118934,locality.63621863,北投區
158,公立,北投區,臺北市北投區明德國民小學附設幼兒園,(02)28229651#1501,臺北市北投區明德路190號,120,21588.0,121.522363,25.11189,locality.63621863,北投區
159,公立,北投區,臺北市北投區泉源國民小學附設幼兒園,(02)28951258#161,臺北市北投區東昇路34號,30,21588.0,121.524225,25.149388,locality.63621863,北投區
160,公立,北投區,臺北市北投區桃源國民小學附設幼兒園,(02)28941208#173,臺北市北投區中央北路三段40巷45號,60,21588.0,121.483514,25.140237,locality.63621863,北投區
161,公立,北投區,臺北市北投區清江國民小學附設幼兒園,(02)28912764#600,臺北市北投區公館路220號,120,21588.0,121.506727,25.126418,locality.63621863,北投區
162,公立,北投區,臺北市北投區湖山國民小學附設幼兒園,(02)28610259#140,臺北市北投區湖底路11號,30,21588.0,121.535923,25.150095,locality.63621863,北投區
163,公立,北投區,臺北市北投區湖田國民小學附設幼兒園,(02)28616963#50,臺北市北投區竹子湖路17之2號,30,21588.0,121.541673,25.166246,locality.63621863,北投區
164,公立,北投區,臺北市北投區逸仙國民小學附設幼兒園,(02)28957073,臺北市北投區新民路2號,166,21588.0,121.505477,25.137954,locality.63621863,北投區
165,公立,北投區,臺北市北投區義方國民小學附設幼兒園,(02)28917433#271,臺北市北投區珠海路155號,90,21588.0,121.509279,25.14256,locality.63621863,北投區
166,公立,北投區,臺北市北投區關渡國民小學附設幼兒園,(02)28912847#861,臺北市北投區中央北路四段581號,150,21588.0,121.466576,25.126353,locality.63621863,北投區
167,非營利,大安區,臺北市正義非營利幼兒園（委託社團法人中華婦幼發展協會辦理）,(02)27726656,臺北市大安區忠孝東路三段216巷4弄41號,144,0.0,121.5392223,25.0411908,locality.63654631,大安區
168,非營利,文山區,臺北市永建非營利幼兒園（委託社團法人台北市教保人員協會辦理）,(02)22347257,臺北市文山區木柵路一段311巷1號,106,0.0,121.555916,24.989335,locality.63662823,文山區
169,公立,士林區,臺北市立士林幼兒園,(02)28853842,臺北市士林區通河街179巷2號,150,21588.0,121.519465,25.081845,locality.63638247,士林區
170,公立,大同區,臺北市立大同幼兒園,(02)25595901,臺北市大同區南京西路64巷9弄8號,180,21588.0,121.5193575,25.0523967,locality.63646439,大同區
171,公立,大安區,臺北市立大安幼兒園,(02)27551211,臺北市大安區四維路198巷31弄11號,210,21588.0,121.546668,25.028243,locality.63654631,大安區
172,公立,中正區,臺北市立大學附設實驗國民小學附設幼兒園,(02)23117991,臺北市中正區公園路29號1樓,196,21588.0,121.515826,25.036192,locality.63597287,中正區
173,公立,中山區,臺北市立中山幼兒園,(02)25336738,臺北市中山區大直街25號1、2樓,270,21588.0,121.546748,25.081879,locality.63589095,中山區
174,公立,中正區,臺北市立中正幼兒園,(02)23933620,臺北市中正區濟南路二段46號2樓,150,21588.0,121.53085,25.040307,locality.63597287,中正區
175,公立,內湖區,臺北市立內湖幼兒園,(02)27993223,臺北市內湖區陽光街265巷9號,212,21588.0,121.580252,25.0736888,locality.63613671,內湖區
176,公立,文山區,臺北市立文山幼兒園,(02)29395526#11,臺北市文山區興隆路四段105巷1號,240,21588.0,121.560793,24.987806,locality.63662823,文山區
177,公立,北投區,臺北市立北投幼兒園,(02)28237022,臺北市北投區明德路208巷5號,150,21588.0,121.522129,25.11359,locality.63621863,北投區
178,公立,松山區,臺北市立松山幼兒園,(02)27181189,臺北市松山區敦化北路199巷5號2樓,180,21588.0,121.552273396685,25.05607255,locality.63671015,松山區
179,公立,中山區,臺北市立育航幼兒園,(02)25178372#210,臺北市中山區長春路256號,278,21588.0,121.53876,25.054452,locality.63589095,中山區
180,公立,信義區,臺北市立信義幼兒園,(02)27297527,臺北市信義區基隆路一段364巷20、24號,240,21588.0,121.5594817,25.0353403,locality.63605479,信義區
181,公立,萬華區,臺北市立南海實驗幼兒園,(02)23022984,臺北市萬華區西藏路424號,346,21588.0,121.497685,25.029683,locality.63679207,萬華區
182,公立,南港區,臺北市立南港幼兒園,(02)27825081,臺北市南港區重陽路199巷28號,150,21588.0,121.6087281,25.0566198,locality.63630055,南港區
183,私立,南港區,臺北市立南港高級中學教師會附設臺北市私立員工子女幼兒園,(02)27837863#297,臺北市南港區向陽路21號1樓,40,,121.594434,25.052255,locality.63630055,南港區
184,準公共,松山區,臺北市立敦化國民中學教師會附設臺北市私立員工子女幼兒園,(02)87717890#317,臺北市松山區南京東路3段300號2樓,32,,121.557637,25.051756,locality.63671015,松山區
185,公立,萬華區,臺北市立萬華幼兒園,(02)23020936,臺北市萬華區梧州街36號、36號2樓之1,150,21588.0,121.497581,25.035753,locality.63679207,萬華區
186,非營利,信義區,臺北市吉中非營利幼兒園(委託財團法人台北基督教女青年會辦理),(02)2768-1159,臺北市信義區松隆路161號,152,0.0,121.573649,25.048328,locality.63605479,信義區
187,非營利,北投區,臺北市吉利非營利幼兒園(委託社團法人台北市親子成長協會辦理),(02)28200118,臺北市北投區立農街一段366號1至3樓,147,0.0,121.506491,25.11946,locality.63621863,北投區
188,非營利,南港區,臺北市向陽非營利幼兒園（委託社團法人嬰幼兒教育與家庭發展協會辦理）,(02)2785-6151,臺北市南港區向陽路31號,106,0.0,121.593777,25.053722,locality.63630055,南港區
189,非營利,大安區,臺北市安東非營利幼兒園（委託社團法人台北市兒童托育協會辦理）,(02)27067642,臺北市大安區瑞安街75號2樓,182,0.0,121.541102,25.028211,locality.63654631,大安區
190,非營利,內湖區,臺北市西中非營利幼兒園(委託財團法人靖娟兒童安全文教基金會辦理),(02)2797-0700,臺北市內湖區環山路一段27號,152,0.0,121.56622,25.085192,locality.63613671,內湖區
191,準公共,北投區,臺北市私立一德幼兒園,(02)28215755,臺北市北投區明德路136巷9號1樓,120,80560.0,121.5211331,25.1098869,locality.63621863,北投區
192,私立,大安區,臺北市私立人安幼兒園,(02)27041113,臺北市大安區四維路154巷19號1樓,24,89500.0,121.546464,25.031007,locality.63654631,大安區
193,私立,士林區,臺北市私立十大幼兒園,(02)28749113,臺北市士林區天母東路92號1樓,60,132480.0,121.535825,25.118088,locality.63638247,士林區
194,私立,松山區,臺北市私立三民幼兒園,(02)27651882,臺北市松山區民生東路五段69巷2弄37號,180,72150.0,121.5591937,25.0592565,locality.63671015,松山區
195,私立,大安區,臺北市私立三愛幼兒園,(02)23680388,臺北市大安區溫州街48巷15號1樓,30,,121.532347,25.021473,locality.63654631,大安區
196,私立,大安區,臺北市私立三暉幼兒園,(02)23225491,臺北市大安區和平東路一段91號2樓,99,78600.0,121.525793,25.026896,locality.63654631,大安區
197,準公共,文山區,臺北市私立三義幼兒園,(02)86619636,臺北市文山區木柵路三段48巷1弄16號,50,64170.0,121.5653161,24.9877206,locality.63662823,文山區
198,私立,大安區,臺北市私立上愛幼兒園,(02)23629886,臺北市大安區溫州街52巷14號1樓,23,121600.0,121.53247594999999,25.02100275,locality.63654631,大安區
199,私立,大安區,臺北市私立上群蒙特梭利幼兒園,(02)87719739,臺北市大安區仁愛路3段123巷5號,50,,121.543873,25.038152,locality.63654631,大安區
200,私立,信義區,臺北市私立上群蒙特梭利忠孝幼兒園,(02)27691208,臺北市信義區忠孝東路5段207號1、2樓,60,75000.0,121.564579,25.041104,locality.63605479,信義區
201,私立,信義區,臺北市私立上群蒙特梭利信義幼兒園,(02)27693636,臺北市信義區忠孝東路5段217號,75,99000.0,121.564579,25.041104,locality.63605479,信義區
202,私立,大安區,臺北市私立上學趣蒙特梭利幼兒園,(02)87739963,臺北市大安區忠孝東路3段251巷9弄 8、10號1樓,30,194255.0,121.543838,25.041556,locality.63654631,大安區
203,準公共,文山區,臺北市私立千千幼兒園,(02)29397502,臺北市文山區木柵路三段85巷8弄5號,52,59266.0,121.5668695,24.9893597,locality.63662823,文山區
204,私立,士林區,臺北市私立士林科見幼兒園,(02)28332398,臺北市士林區中山北路五段608、610號1、2樓,108,,121.527342276049,25.09255725,locality.63638247,士林區
205,私立,南港區,臺北市私立大大樹幼兒園,(02)27851516,臺北市南港區玉成街46及48號1樓,61,108120.0,121.581717,25.050483,locality.63630055,南港區
206,準公共,南港區,臺北市私立大方凌雲幼兒園,(02)27820190,臺北市南港區研究院路三段2巷2、6、8號1樓,62,51000.0,121.608735317927,25.03628115,locality.63630055,南港區
207,準公共,大安區,臺北市私立大成幼兒園,(02)23697443,臺北市大安區雲和街8號1樓,28,98000.0,121.527993,25.023667,locality.63654631,大安區
208,準公共,萬華區,臺北市私立大理幼兒園,(02)23044506,臺北市萬華區雙園街67巷3弄3、4、5、7號1樓,99,51000.0,121.494614,25.0306791,locality.63679207,萬華區
209,私立,中山區,臺北市私立大智幼兒園,(02)25320696,臺北市中山區明水路397巷7弄24號1樓,40,110000.0,121.5462219,25.0779928,locality.63589095,中山區
210,私立,內湖區,臺北市私立大湖寶貝幼兒園,(02)27921959,臺北市內湖區大湖街166巷10號1樓至2樓,37,,121.6014749,25.08334,locality.63613671,內湖區
211,準公共,南港區,臺北市私立大華幼兒園,(02)26533111,臺北市南港區忠孝東路6段212巷4弄9號1樓,120,86088.0,121.583031,25.045829,locality.63630055,南港區
212,私立,中山區,臺北市私立大愛幼兒園,(02)25023200,臺北市中山區松江路221巷15號1樓,31,134340.0,121.5348221,25.0583395,locality.63589095,中山區
213,私立,大安區,臺北市私立大瑪幼兒園,(02)27070126,臺北市大安區和平東路二段265巷44號1樓,18,,121.54404,25.025734,locality.63654631,大安區
214,私立,信義區,臺北市私立子畝蒙特梭利幼兒園,(02)27592360,臺北市信義區忠孝東路5段558號2樓,39,114000.0,121.564579,25.041104,locality.63605479,信義區
215,準公共,文山區,臺北市私立子愛幼兒園,(02)29377790,臺北市文山區興隆路四段165巷3、5號1樓,20,63300.0,121.561782,24.984065,locality.63662823,文山區
216,私立,內湖區,臺北市私立小小百合蒙特梭利幼兒園,(02)27937756,臺北市內湖區星雲街38號1樓,29,120920.0,121.590855,25.078307,locality.63613671,內湖區
217,準公共,大安區,臺北市私立小天心幼兒園,(02)23568960,臺北市大安區潮州街57號1樓,25,140000.0,121.523358,25.02936,locality.63654631,大安區
218,私立,中山區,臺北市私立小伊園幼兒園,(02)25167861,臺北市中山區伊通街27之1號1樓,28,108180.0,121.534774,25.050918,locality.63589095,中山區
219,私立,內湖區,臺北市私立小百合蒙特梭利幼兒園,(02)27946751,臺北市內湖區星雲街37號1樓,30,120920.0,121.590855,25.078307,locality.63613671,內湖區
220,私立,中山區,臺北市私立小甜甜幼兒園,(02)25052178,臺北市中山區五常街51號1樓,90,105600.0,121.542501,25.064292,locality.63589095,中山區
221,私立,內湖區,臺北市私立小荳荳幼兒園,(02)27937710,臺北市內湖區民權東路六段172號1至3樓,41,156996.0,121.592717,25.068844,locality.63613671,內湖區
222,私立,松山區,臺北市私立小敦園幼兒園,(02)25459211,臺北市松山區敦化北路145巷55號1樓,19,121740.0,121.5497566,25.0537006,locality.63671015,松山區
223,私立,內湖區,臺北市私立小綠山森林幼兒園,(02)26307030,臺北市內湖區成功路五段臨37號,65,108000.0,121.606794679003,25.07802555,locality.63613671,內湖區
224,私立,松山區,臺北市私立小慶園幼兒園,(02)27190521,臺北市松山區慶城街16巷9-1號1樓,30,106000.0,121.5455031,25.0528865,locality.63671015,松山區
225,私立,萬華區,臺北市私立小樹苗華頓幼兒園,(02)23375275,臺北市萬華區青年路30巷1號,24,69000.0,121.504712,25.0263455,locality.63679207,萬華區
226,私立,內湖區,臺北市私立小瓢蟲幼兒園,(02)27920986,臺北市內湖區星雲街35號1樓,34,120920.0,121.590855,25.078307,locality.63613671,內湖區
227,私立,松山區,臺北市私立小親親幼兒園,(02)27131492,臺北市松山區民生東路4段80巷15弄3號1樓,30,72200.0,121.555573,25.058255,locality.63671015,松山區
228,私立,中山區,臺北市私立山秀幼兒園,(02)85021798,臺北市中山區明水路606巷16號2樓,99,123000.0,121.5524786,25.0819493,locality.63589095,中山區
229,私立,內湖區,臺北市私立山谷小百合蒙特梭利幼兒園,(02)26315887,臺北市內湖區康寧路三段189巷56及58號1樓,32,129200.0,121.611232459122,25.07613505,locality.63613671,內湖區
230,私立,文山區,臺北市私立中山國民小學附設幼兒園,(02)29360935#700,臺北市文山區木柵路1段378巷26號,270,64665.0,121.56454,24.988576,locality.63662823,文山區
231,私立,中正區,臺北市私立中正區清華幼兒園,(02)23118221,臺北市中正區貴陽街一段58號,180,88260.0,121.509075,25.039107,locality.63597287,中正區
232,私立,北投區,臺北市私立丹佛幼兒園,(02)28721955,臺北市北投區石牌路二段358之1號,84,110800.0,121.521332,25.118997,locality.63621863,北投區
233,私立,大安區,臺北市私立予心屋幼兒園,(02)27056166,臺北市大安區光復南路420巷19號1樓,40,126000.0,121.555652,25.036499,locality.63654631,大安區
234,私立,中山區,臺北市私立五常幼兒園,(02)25025750,臺北市中山區龍江路377巷24號1樓,60,60540.0,121.5416835,25.0647716,locality.63589095,中山區
235,私立,大安區,臺北市私立仁和幼兒園,(02)27111787,臺北市大安區忠孝東路三段251巷9弄8號,60,53100.0,121.542117,25.043275,locality.63654631,大安區
236,準公共,文山區,臺北市私立仁美幼兒園,(02)29395610,臺北市文山區木柵路3段85巷14弄14號,90,63236.0,121.542718,24.988517,locality.63662823,文山區
237,私立,大安區,臺北市私立仁愛幼兒園,(02)27093131,臺北市大安區信義路三段147巷15弄27號1樓,34,121200.0,121.5430054,25.0350938,locality.63654631,大安區
238,私立,內湖區,臺北市私立內湖科見幼兒園,(02)26348876,臺北市內湖區成功路五段460號2樓及2樓之1,110,98345.0,121.606353,25.073609,locality.63613671,內湖區
239,準公共,信義區,臺北市私立六三幼兒園,(02)23454058,臺北市信義區信義路5段150巷351號1樓,90,73126.0,121.562227,25.034454,locality.63605479,信義區
240,私立,大安區,臺北市私立及愛菁英幼兒園,(02)23683686,臺北市大安區辛亥路一段79號2樓之1,20,121600.0,121.531154,25.021033,locality.63654631,大安區
241,私立,松山區,臺北市私立友友幼兒園,(02)27568845,臺北市松山區南京東路五段23巷6弄9號,50,,121.55860285,25.05210095,locality.63671015,松山區
242,私立,中山區,臺北市私立友丞幼兒園,(02)25093438,臺北市中山區錦州街452號1、2樓,40,78000.0,121.543598,25.060187,locality.63589095,中山區
243,私立,信義區,臺北市私立友愛幼兒園,(02)27285918,臺北市信義區忠孝東路5段524巷5弄23號1樓,40,70800.0,121.564579,25.041104,locality.63605479,信義區
244,私立,信義區,臺北市私立天主教三德幼兒園,(02)27221062#11,臺北市信義區松仁路228巷15號1樓至2樓,150,,121.5682275,25.0251132,locality.63605479,信義區
245,私立,士林區,臺北市私立天母蒙特梭利幼兒園,(02)28728454,臺北市士林區天母西路95巷21號1.2樓,112,135730.0,121.5246049,25.1193326,locality.63638247,士林區
246,準公共,松山區,臺北市私立天喜幼兒園,(02)27672567,臺北市松山區民權東路五段102號,70,90980.0,121.564148507227,25.06375095,locality.63671015,松山區
247,私立,信義區,臺北市私立天琪幼兒園,(02)27233079,臺北市信義區吳興街600巷83弄16、18號1樓,90,55796.0,121.5714915,25.0188585,locality.63605479,信義區
248,私立,北投區,臺北市私立天華幼兒園,(02)28945685,臺北市北投區清江路25巷7號,32,66120.0,121.501778,25.129481,locality.63621863,北投區
249,私立,士林區,臺北市私立太和蒙特梭利幼兒園,(02)28366268,臺北市士林區中山北路六段290巷7弄7號1樓,60,160800.0,121.524755,25.103461,locality.63638247,士林區
250,私立,士林區,臺北市私立太和騰幼兒園,(02)28129958,臺北市士林區延平北路6段227號1至3樓,97,115800.0,121.5029237,25.0893065,locality.63638247,士林區
251,私立,北投區,臺北市私立心美蒙特梭利幼兒園,(02)28205120,臺北市北投區東華街二段92號及92之1號1樓,36,96000.0,121.5061304,25.1209048,locality.63621863,北投區
252,準公共,內湖區,臺北市私立心惠幼兒園,(02)26270022,臺北市內湖區麗山街62巷18弄2、4、6號1樓,120,71100.0,121.5786823,25.0817687,locality.63613671,內湖區
253,私立,士林區,臺北市私立心愛幼兒園,(02)28739393,臺北市士林區中山北路七段190巷104號1、2樓,180,88000.0,121.53603465,25.1298131,locality.63638247,士林區
254,私立,大安區,臺北市私立心聲幼兒園,(02)23634169,臺北市大安區新生南路三段22巷14號1樓,25,144000.0,121.5344603,25.024045,locality.63654631,大安區
255,私立,大安區,臺北市私立心藝術幼兒園,(02)33222123,臺北市大安區永康街14巷8號1樓,33,72000.0,121.529502,25.031286,locality.63654631,大安區
256,私立,文山區,臺北市私立文山仁和幼兒園,(02)29364473,臺北市文山區忠順街一段10巷11.13.15號1至2樓,133,90000.0,121.5584853,24.9832945,locality.63662823,文山區
257,私立,文山區,臺北市私立文山懷恩幼兒園,(02)29308618,臺北市文山區福興路63巷4弄26、28號1樓,90,96000.0,121.5492124,25.0042529,locality.63662823,文山區
258,準公共,內湖區,臺北市私立文心幼兒園,(02)27902507,臺北市內湖區星雲街68巷8、10、12號1樓,120,118305.0,121.5925248,25.0783689,locality.63613671,內湖區
259,私立,中山區,臺北市私立日光貝比幼兒園,(02)25717858,臺北市中山區中山北路二段116巷9號2樓,150,96900.0,121.5219252,25.060998,locality.63589095,中山區
260,私立,士林區,臺北市私立日晴幼兒園,(02)28882210,臺北市士林區福港街158號2樓,38,54840.0,121.517817,25.087084,locality.63638247,士林區
261,私立,文山區,臺北市私立比利馬幼兒園,(02)22362468,臺北市文山區木柵路一段87號1樓,24,135730.0,121.550342,24.987472,locality.63662823,文山區
262,準公共,士林區,臺北市私立比特幼兒園,(02)88111398,臺北市士林區社中街381號1樓,20,90980.0,121.50858,25.091044,locality.63638247,士林區
263,私立,大同區,臺北市私立水晶幼兒園,(02)25535198,臺北市大同區延平北路二段272巷7號1樓,30,55796.0,121.5105115,25.06211,locality.63646439,大同區
264,私立,大安區,臺北市私立丘山幼兒園,(02)27711031,臺北市大安區忠孝東路三段10巷8號1樓,25,66120.0,121.5333712,25.0410561,locality.63654631,大安區
265,私立,大同區,臺北市私立功文成長幼兒園,(02)25946008,臺北市大同區大同區哈密街59巷83號1-2樓,42,160800.0,121.5169607,25.0746314,locality.63646439,大同區
266,私立,大同區,臺北市私立功文雪泥幼兒園,(02)25948254,臺北市大同區哈密街59巷79、81號1、2、3樓,60,69626.0,121.5157333,25.0754395,locality.63646439,大同區
267,私立,中山區,臺北市私立加楓國際蒙特梭利幼兒園,(02)25419969,臺北市中山區松江路188巷9號及9之1號1樓,30,,121.5326555,25.0567802,locality.63589095,中山區
268,準公共,北投區,臺北市私立北投青青幼兒園,(02)28965006,臺北市北投區溫泉路73巷5號1樓,30,69852.0,121.505804,25.135902,locality.63621863,北投區
269,私立,大安區,臺北市私立卡朵蒙特梭利幼兒園,(02)27084028,臺北市大安區四維路192巷12號1樓,30,78000.0,121.547032,25.02711,locality.63654631,大安區
270,私立,松山區,臺北市私立卡兒堡幼兒園,(02)25784555,臺北市松山區八德路三段12巷57弄39.41號1樓,34,90600.0,121.5520071,25.0453133,locality.63671015,松山區
271,私立,內湖區,臺北市私立卡爾維德幼兒園,(02)26348514,臺北市內湖區康寧路三段16巷35號,80,86080.0,121.608286,25.071171,locality.63613671,內湖區
272,私立,內湖區,臺北市私立卡爾維德蒙特梭利幼兒園,(02)26335356,臺北市內湖區東湖路113巷50號1樓,40,104940.0,121.6157186,25.0713605,locality.63613671,內湖區
273,準公共,北投區,臺北市私立卡蕾兒幼兒園,(02)28926957,臺北市北投區文化三路14號1樓,21,59484.0,121.5008169,25.1373153,locality.63621863,北投區
274,私立,文山區,臺北市私立台北紐西蘭幼兒園,(02)86611156,臺北市文山區政大1街19號,140,102600.0,121.586074,24.984675,place.3057895,臺北市
275,私立,大安區,臺北市私立四維幼兒園,(02)27073718,臺北市大安區和平東路三段1巷25號,120,88002.0,121.546718,25.025169,locality.63654631,大安區
276,私立,文山區,臺北市私立巧可麗幼兒園,(02)29303077,臺北市文山區景福街17、19號1樓,40,69000.0,121.536662817738,24.997131,locality.63662823,文山區
277,私立,內湖區,臺北市私立巧可麗查理布朗幼兒園,(02)87926411,臺北市內湖區成功路三段174巷10號2樓,35,84550.0,121.59057,25.081289,locality.63613671,內湖區
278,私立,大安區,臺北市私立巧可麗國際幼兒園,(02)33653322,臺北市大安區泰順街45號2樓,114,75000.0,121.531284,25.022549,locality.63654631,大安區
279,私立,大安區,臺北市私立巧而園幼兒園,(02)27362869,臺北市大安區樂利路45巷6號第1、2層,52,132000.0,121.5517232,25.0266607,locality.63654631,大安區
280,私立,大安區,臺北市私立巧琪幼兒園,(02)27068376,臺北市大安區信義路四段265巷31弄26號1樓,28,,121.5558082,25.0341785,locality.63654631,大安區
281,私立,文山區,臺北市私立巨星幼兒園,(02)29381987,臺北市文山區秀明路1段68號,39,68560.0,121.563157,24.989081,locality.63662823,文山區
282,私立,中正區,臺北市私立巨勝幼兒園,(02)23936965,臺北市中正區金山南路一段67巷8號,68,109900.0,121.5283196,25.0378024,locality.63597287,中正區
283,私立,北投區,臺北市私立巨登堡幼兒園,(02)28939226,臺北市北投區公舘路77號1樓,34,76300.0,121.504609,25.131186,locality.63621863,北投區
284,私立,士林區,臺北市私立幼天才幼兒園,(02)28802380,臺北市士林區福港街107巷16、18、20號1樓,40,97158.0,121.518662,25.0879624,locality.63638247,士林區
285,私立,士林區,臺北市私立幼心幼兒園,(02)28815581,臺北市士林區中正路335巷18號,180,70488.0,121.5231286,25.094143,locality.63638247,士林區
286,準公共,士林區,臺北市私立幼安幼兒園,(02)88115787,臺北市士林區社中街231巷27號1樓,27,56484.0,121.5076582,25.0909033,locality.63638247,士林區
287,私立,萬華區,臺北市私立幼佳幼兒園,(02)23026545,臺北市萬華區雙園街18巷12號,90,86100.0,121.495158,25.028937,locality.63679207,萬華區
288,私立,文山區,臺北市私立幼兒館幼兒園,(02)22341515,臺北市文山區木新路2段128號1、2樓,34,87520.0,121.564726,24.982661,locality.63662823,文山區
289,私立,文山區,臺北市私立幼林幼兒園,(02)29326469,臺北市文山區景福街31號1樓,37,80360.0,121.538869,24.999327,locality.63662823,文山區
290,私立,內湖區,臺北市私立幼欣幼兒園,(02)27918852,臺北市內湖區成功路二段312巷66、68號1樓,30,84500.0,121.5891557,25.0668847,locality.63613671,內湖區
291,私立,大安區,臺北市私立幼苗幼兒園,(02)27000178,臺北市大安區安和路一段127巷13號、15、19號1樓,66,104400.0,121.5537196,25.034862,locality.63654631,大安區
292,私立,內湖區,臺北市私立幼新幼兒園,(02)27916362,臺北市內湖區成功路二段312巷46、48號1樓,90,109600.0,121.5891557,25.0668847,locality.63613671,內湖區
293,私立,文山區,臺北市私立幼學館幼兒園,(02)22341515,臺北市文山區木新路2段130號,40,105300.0,121.564726,24.982661,locality.63662823,文山區
294,私立,中山區,臺北市私立幼馨幼兒園,(02)25080977,臺北市中山區合江街180巷19號1樓,19,70260.0,121.537873,25.0610909,locality.63589095,中山區
295,私立,大安區,臺北市私立弘人幼兒園,(02)27047899,臺北市大安區四維路170巷3號,68,92000.0,121.54692,25.028235,locality.63654631,大安區
296,準公共,士林區,臺北市私立弘明幼兒園,(02)28726200,臺北市士林區中山北路7段114巷11號,99,93000.0,121.525208,25.103031,locality.63638247,士林區
297,準公共,北投區,臺北市私立正大幼兒園,(02)28229788,臺北市北投區義理街49巷4號,58,0.0,121.5150554,25.1160186,locality.63621863,北投區
298,準公共,中山區,臺北市私立正光幼兒園,(02)25223774,臺北市中山區松江路362巷13、15、17、19號1樓,38,78900.0,121.5326595,25.0618611,locality.63589095,中山區
299,私立,松山區,臺北市私立正欣?蒙幼兒園,(02)27639957,臺北市松山區光復北路165巷3號1樓,27,93300.0,121.55626825,25.0573103,locality.63671015,松山區
300,私立,松山區,臺北市私立正欣幼兒園,(02)27639957,臺北市松山區光復北路165巷5號、7號1樓,120,93300.0,121.55626825,25.0573103,locality.63671015,松山區
301,私立,士林區,臺北市私立正音幼兒園,(02)28364687,臺北市士林區東山路135號1樓,116,,121.5391007,25.1142844,locality.63638247,士林區
302,準公共,松山區,臺北市私立民族幼兒園,(02)27612638,臺北市松山區新中街4巷6、8號1樓,60,88422.0,121.56114535,25.057655150000002,locality.63671015,松山區
303,準公共,內湖區,臺北市私立民祥幼兒園,(02)27986739,臺北市內湖區麗山街338巷5、7號1樓,60,77900.0,121.5737007,25.0824602,locality.63613671,內湖區
304,私立,士林區,臺北市私立民華幼兒園,(02)28823000,臺北市士林區華齡街211號1、2、3樓,360,91470.0,121.519537,25.087048,locality.63638247,士林區
305,準公共,松山區,臺北市私立民權幼兒園,(02)27131092,臺北市松山區富錦街562巷13號1樓,83,60940.0,121.56483,25.061017,locality.63671015,松山區
306,私立,南港區,臺北市私立甘霖幼兒園,(02)27826308,臺北市南港區南港路二段32號,48,110860.0,121.606167,25.054296,locality.63630055,南港區
307,私立,信義區,臺北市私立甲子園幼兒園,(02)27358636,臺北市信義區信安街161號1樓至2樓,38,66000.0,121.555315,25.023024,locality.63605479,信義區
308,準公共,北投區,臺北市私立石牌旭東幼兒園,(02)28272210,臺北市北投區實踐街82巷14號及16號1樓,53,58530.0,121.51082360000001,25.11500105,locality.63621863,北投區
309,私立,大安區,臺北市私立禾心蒙特梭利幼兒園,(02)27014947,臺北市大安區安和路一段135巷16號1樓,25,123000.0,121.553391,25.0342544,locality.63654631,大安區
310,私立,文山區,臺北市私立立揚幼兒園,(02)29333238,臺北市文山區景興路258號1樓及夾層,39,82000.0,121.542588,24.990224,locality.63662823,文山區
311,私立,內湖區,臺北市私立立湖幼兒園,(02)27902228,臺北市內湖區金龍路222巷1弄1號,60,125580.0,121.5860103,25.0885729,locality.63613671,內湖區
312,準公共,中山區,臺北市私立立興幼兒園,(02)25034564,臺北市中山區龍江路342巷37號,240,80130.0,121.539668,25.065561,locality.63589095,中山區
313,私立,大安區,臺北市私立伊帝馬幼兒園,(02)23966726,臺北市大安區金山南路二段13巷17號1樓,30,99800.0,121.528184,25.033344,locality.63654631,大安區
314,私立,萬華區,臺北市私立光仁國民小學附設幼兒園,(02)23032874#891,臺北市萬華區萬大路423巷28弄2號,360,57135.0,121.5001155,25.0204825,locality.63679207,萬華區
315,私立,大安區,臺北市私立光目華德福幼兒園,(02)23253638,臺北市大安區延吉街241巷2弄11號1、2樓,90,95050.0,121.5559477,25.0355826,locality.63654631,大安區
316,私立,松山區,臺北市私立光華幼兒園,(02)27154555,臺北市松山區慶城街16巷3、5號1樓,150,102200.0,121.5455031,25.0528865,locality.63671015,松山區
317,私立,信義區,臺北市私立全心幼兒園,(02)27660046,臺北市信義區虎林街40巷30號1樓,28,116000.0,121.5759799,25.0475665,locality.63605479,信義區
318,私立,文山區,臺北市私立全能幼兒園,(02)29367367,臺北市文山區樟新街26號1樓,30,,121.555799,24.97789,locality.63662823,文山區
319,準公共,文山區,臺北市私立吉太幼兒園,(02)29392220,臺北市文山區木新路三段45巷7弄8、10、12號1樓,60,64932.0,121.56443924999999,24.981681000000002,locality.63662823,文山區
320,私立,大安區,臺北市私立吉事達康博喜幼兒園,(02)27381616,臺北市大安區臥龍街43巷5號1樓及7號1樓,40,67000.0,121.5470429,25.0224953,locality.63654631,大安區
321,私立,南港區,臺北市私立吉的堡小騎士幼兒園,(02)26516526,臺北市南港區成福路183號2樓,130,,121.587857,25.04144,locality.63630055,南港區
322,準公共,萬華區,臺北市私立名人幼兒園,(02)23016998,臺北市萬華區西園路2段227之1號2樓,29,58510.0,121.498009,25.03218,locality.63679207,萬華區
323,私立,內湖區,臺北市私立多元智慧幼兒園,(02)26598800,臺北市內湖區文德路90巷39號1樓,151,107496.0,121.582875,25.077271,locality.63613671,內湖區
324,私立,士林區,臺北市私立多多種子幼兒園,(02)28122563,臺北市士林區延平北路五段245巷2.4號,60,72000.0,121.5094436,25.0846164,locality.63638247,士林區
325,準公共,松山區,臺北市私立多多優質幼兒園,(02)25791370,臺北市松山區光復南路46巷25.2729號1樓,75,90000.0,121.5557921,25.0459144,locality.63671015,松山區
326,私立,士林區,臺北市私立好來幼兒園,(02)28718696,臺北市士林區中山北路七段225之1號1.2樓,120,96000.0,121.532816,25.124999,locality.63638247,士林區
327,私立,大安區,臺北市私立安和寶貝幼兒園,(02)27029668,臺北市大安區安和路一段78巷1號,38,118305.0,121.5503512,25.0349745,locality.63654631,大安區
328,私立,北投區,臺北市私立成美蒙特梭利幼兒園,(02)28218915,臺北市北投區裕民六路114巷36弄5號,40,96900.0,121.5187118,25.1143659,locality.63621863,北投區
329,準公共,北投區,臺北市私立旭東幼兒園,(02)28913311,臺北市北投區中和街446巷56號,120,54840.0,121.4960895,25.1459372,locality.63621863,北投區
330,私立,士林區,臺北市私立有緣蒙特梭利幼兒園,(02)28320290,臺北市士林區忠誠路2段32巷11號1樓,27,77580.0,121.529632,25.11082,locality.63638247,士林區
331,私立,中正區,臺北市私立百家姓幼兒園,(02)23810932,臺北市中正區延平南路248巷3號1樓,40,76000.0,121.5065403,25.0334964,locality.63597287,中正區
332,私立,北投區,臺北市私立米蘿幼兒園,(02)28967027,臺北市北投區文化三路12號1樓,22,57500.0,121.5008169,25.1373153,locality.63621863,北投區
333,私立,北投區,臺北市私立艾法貝納幼兒園,(02)28769011,臺北市北投區行義路10巷2號2樓之1,70,111000.0,121.5267039,25.12422,locality.63621863,北投區
334,私立,中山區,臺北市私立艾達幼兒園,(02)85011373,臺北市中山區堤頂大道二段282、284、286號1樓、1樓夾層,69,129000.0,121.5658448,25.077402,locality.63589095,中山區
335,私立,信義區,臺北市私立佑保幼兒園,(02)27594855,臺北市信義區忠孝東路五段490號1.2樓,30,116500.0,121.574138,25.040871,locality.63605479,信義區
336,私立,士林區,臺北市私立何嘉仁士林幼兒園,(02)28327663,臺北市士林區中正路116號,111,103755.0,121.528985,25.096015,locality.63638247,士林區
337,私立,萬華區,臺北市私立何嘉仁中華幼兒園,(02)23094679,臺北市萬華區中華路二段666-12、666-13、668、670號1樓,92,112665.0,121.50594,25.027763,locality.63679207,萬華區
338,私立,文山區,臺北市私立何嘉仁文山幼兒園,(02)29306607,臺北市文山區羅斯福路六段130號1、2樓,150,107255.0,121.540689,24.997753,locality.63662823,文山區
339,私立,北投區,臺北市私立何嘉仁北投幼兒園,(02)28943222,臺北市北投區中央北路二段335之2號1、2樓,159,99000.0,121.494546,25.137261,locality.63621863,北投區
340,私立,士林區,臺北市私立何嘉仁幼兒園,(02)28128097,臺北市士林區延平北路五段231巷1號,120,105000.0,121.5091968,25.0841905,locality.63638247,士林區
341,私立,大安區,臺北市私立何嘉仁延吉幼兒園,(02)27086092,臺北市大安區延吉街250號2樓,333,108955.0,121.555965,25.034747,locality.63654631,大安區
342,私立,信義區,臺北市私立何嘉仁信安寶貝幼兒園,(02)27369666,臺北市信義區信安街200號2樓,28,115565.0,121.555059,25.02277,locality.63605479,信義區
343,私立,南港區,臺北市私立何嘉仁南港幼兒園,(02)27890198,臺北市南港區興華路18.20.22.24號1樓至2樓,46,115565.0,121.6059025,25.0557299,locality.63630055,南港區
344,私立,內湖區,臺北市私立何嘉仁新湖幼兒園,(02)27922776,臺北市內湖區民權東路6段196號,310,115565.0,121.565647,25.063248,locality.63671015,松山區
345,私立,文山區,臺北市私立何嘉仁興隆幼兒園,(02)29310584,臺北市文山區興隆路二段252號2樓,100,108825.0,121.554289,25.000675,locality.63662823,文山區
346,私立,中正區,臺北市私立何嘉仁臨沂幼兒園,(02)23919678,臺北市中正區臨沂街65巷1號1樓、2樓、3樓,181,109800.0,121.5297689,25.0356308,locality.63597287,中正區
347,私立,信義區,臺北市私立君格幼兒園,(02)27614112,臺北市信義區松隆路9巷21、23號1樓,60,111000.0,121.567176,25.0443959,locality.63605479,信義區
348,私立,信義區,臺北市私立吳興幼兒園,(02)27253008,臺北市信義區松仁路253巷3弄8號1樓,19,,121.5692782,25.0262021,locality.63605479,信義區
349,私立,內湖區,臺北市私立快樂幼兒園,(02)26311292,臺北市內湖區民權東路6段280巷8號1.2樓,48,132000.0,121.565647,25.063248,locality.63671015,松山區
350,準公共,文山區,臺北市私立快樂諾貝兒幼兒園,(02)29301241,臺北市文山區興隆路二段222之2號2樓,40,132000.0,121.5452947,24.9988171,locality.63662823,文山區
351,準公共,士林區,臺北市私立求真幼兒園,(02)28828069,臺北市士林區通河東街一段136巷24.26號1樓,37,61660.0,121.5161962,25.0872962,locality.63638247,士林區
352,私立,士林區,臺北市私立沐恩蒙特梭利幼兒園,(02)28765636,臺北市士林區天母東路69巷11之5號1樓,33,129420.0,121.533446,25.119788,locality.63638247,士林區
353,私立,大安區,臺北市私立邦尼幼兒園,(02)23685253,臺北市大安區和平東路一段248巷18號,28,117000.0,121.5327213,25.0247333,locality.63654631,大安區
354,準公共,中正區,臺北市私立乖乖幼兒園,(02)23033807,臺北市中正區南海路96號,120,60174.0,121.509032,25.030122,locality.63597287,中正區
355,私立,大安區,臺北市私立亞瑟王皇家幼兒園,(02)23584018,臺北市大安區潮州街108號2樓,22,44500.0,121.5232299,25.0294469,locality.63654631,大安區
356,私立,大安區,臺北市私立享銘幼兒園,(02)27546816,臺北市大安區信義路三段31巷11號1樓,31,91200.0,121.534577,25.034859,locality.63654631,大安區
357,私立,北投區,臺北市私立佳人幼兒園,(02)28225958,臺北市北投區實踐街49巷25號1、2樓,63,111980.0,121.509054,25.115204,locality.63621863,北投區
358,準公共,大安區,臺北市私立佳安幼兒園,(02)27332971,臺北市大安區樂業街131、133號1樓,60,94400.0,121.5505671,25.022247,locality.63654631,大安區
359,私立,士林區,臺北市私立佳嬰幼兒園,(02)28807575,臺北市士林區大東路126號1樓,29,59640.0,121.525578,25.091687,locality.63638247,士林區
360,私立,內湖區,臺北市私立來來幼兒園,(02)26325432,臺北市內湖區民權東路六段280巷50號1樓,48,75000.0,121.604443,25.071417,locality.63613671,內湖區
361,私立,文山區,臺北市私立和楓園幼兒園,(02)29301345,臺北市文山區辛亥路四段252巷1號1樓,40,73440.0,121.5539862,25.00169,locality.63662823,文山區
362,私立,大安區,臺北市私立奇幻幼兒園,(02)27401155,臺北市大安區忠孝東路三段217巷1弄7號1樓,38,108600.0,121.5386,25.04234,locality.63654631,大安區
363,準公共,信義區,臺北市私立宗周幼兒園,(02)87852293,臺北市信義區松山路393巷32號,40,76986.0,121.5788844,25.0419803,locality.63605479,信義區
364,準公共,文山區,臺北市私立宛的弗幼兒園,(02)29391207,臺北市文山區忠順街二段26號,22,58014.0,121.56298,24.984702,locality.63662823,文山區
365,私立,松山區,臺北市私立宜家民權蒙特梭利幼兒園,(02)25472626,臺北市松山區民權東路3段140巷4號1樓,58,150000.0,121.5659,25.063287,locality.63671015,松山區
366,私立,中山區,臺北市私立宜家蒙特梭利幼兒園,(02)25023113,臺北市中山區龍江路271巷5號1樓,28,150000.0,121.5414794,25.0594645,locality.63589095,中山區
367,準公共,士林區,臺北市私立忠義幼兒園,(02)28310788,臺北市士林區士東路54巷11、19、21號,150,84260.0,121.527857,25.111972,locality.63638247,士林區
368,準公共,士林區,臺北市私立怡寶幼兒園,(02)28364720,臺北市士林區中山北路六段2巷33號1樓,28,102000.0,121.5277153,25.1034224,locality.63638247,士林區
369,準公共,士林區,臺北市私立怡寶資優幼兒園,(02)28364720,臺北市士林區中山北路六段2巷39號1、2樓,40,90000.0,121.5277153,25.1034224,locality.63638247,士林區
370,準公共,內湖區,臺北市私立明昶幼兒園,(02)26323564,臺北市內湖區康寧路3段99巷10弄6號,25,62304.0,121.617564,25.067879,locality.63613671,內湖區
371,私立,南港區,臺北市私立東美幼兒園,(02)27868833,臺北市南港區興南街52巷29、29-1、31、31-1號,90,107760.0,121.6041948,25.0566976,locality.63630055,南港區
372,準公共,內湖區,臺北市私立東湖幼兒園,(02)26310351,臺北市內湖區康樂街85巷33、35、37號1樓,60,67440.0,121.6205167,25.0698503,locality.63613671,內湖區
373,私立,中山區,臺北市私立松江蒙特梭利幼兒園,(02)25639885,臺北市中山區松江路124巷21、23、25號,98,154960.0,121.5312053,25.0526156,locality.63589095,中山區
374,私立,松山區,臺北市私立松迪幼兒園,(02)27615555,臺北市松山區東興路2巷10號1樓,21,85160.0,121.5647373,25.0507402,locality.63671015,松山區
375,準公共,士林區,臺北市私立欣光幼兒園,(02)28822302,臺北市士林區福港街259巷4號,120,83100.0,121.5184785,25.0840038,locality.63638247,士林區
376,私立,南港區,臺北市私立欣苗幼兒園,(02)27823322,臺北市南港區研究院路2段12巷58弄9號,120,65500.0,121.614477,25.0484532,locality.63630055,南港區
377,私立,南港區,臺北市私立欣苗寶貝幼兒園,(02)27823322,臺北市南港區研究院路二段34巷15號1樓,17,54000.0,121.6147426,25.0469772,locality.63630055,南港區
378,私立,中山區,臺北市私立河岸小百合蒙特梭利幼兒園,(02)25322766,臺北市中山區明水路397巷19弄18號,68,153000.0,121.549514496789,25.07917915,locality.63589095,中山區
379,準公共,士林區,臺北市私立社中幼兒園,(02)28126797,臺北市士林區社中街424號12樓,40,78708.0,121.50838,25.091255,locality.63638247,士林區
380,準公共,萬華區,臺北市私立育光幼兒園,(02)23015139,臺北市萬華區德昌街185巷68號、70號1樓,90,65256.0,121.494773411341,25.0230401,locality.63679207,萬華區
381,準公共,士林區,臺北市私立育成幼兒園,(02)28858002,臺北市士林區承德路四段12巷10.12.14號1樓,60,65762.0,121.5203517,25.0807049,locality.63638247,士林區
382,私立,北投區,臺北市私立育奇幼兒園,(02)28911899,臺北市北投區大同街200巷1號1樓,24,58416.0,121.4989556,25.1361195,locality.63621863,北投區
383,準公共,士林區,臺北市私立育強幼兒園,(02)28128829,臺北市士林區社正路45巷12號1、2樓,90,76662.0,121.5096645,25.0897277,locality.63638247,士林區
384,準公共,松山區,臺北市私立育華幼兒園,(02)25706450,臺北市松山區八德路3段12巷51弄44之2號,30,89800.0,121.5493,25.048161,locality.63671015,松山區
385,私立,松山區,臺北市私立育達高級商業家事職業學校附設臺北市私立點點幼兒園,(02)25789177,臺北市松山區南京東路四段120巷31號1樓,210,,121.555095,25.050568,locality.63671015,松山區
386,準公共,大安區,臺北市私立育樂幼兒園,(02)27355304,臺北市大安區和平東路三段308巷40、42號1樓,90,64140.0,121.5555029,25.019551,locality.63654631,大安區
387,私立,大同區,臺北市私立育學幼兒園,(02)25986967,臺北市大同區民族西路162巷3號1樓,30,70740.0,121.51541935,25.0682433,locality.63646439,大同區
388,私立,北投區,臺北市私立采郁蒙特梭利幼兒園,(02)28978840,臺北市北投區中央北路四段577巷27弄1號1樓,26,113178.0,121.4672265,25.1260687,locality.63621863,北投區
389,私立,大安區,臺北市私立長青幼兒園,(02)27327056,臺北市大安區基隆路二段232號2樓,65,113178.0,121.5503,25.022456,locality.63654631,大安區
390,私立,大安區,臺北市私立長青蒙特梭利幼兒園,(02)27327056,臺北市大安區基隆路二段232號3樓,65,71550.0,121.5503,25.022456,locality.63654631,大安區
391,私立,文山區,臺北市私立阿布格小科學家幼兒園,(02)86613011,臺北市文山區興隆路四段173及175號1樓至2樓,91,75000.0,121.561782,24.984065,locality.63662823,文山區
392,準公共,萬華區,臺北市私立青年幼兒園,(02)23370181,臺北市萬華區國興路90-7號1樓,26,94500.0,121.5079432,25.0248347,locality.63679207,萬華區
393,私立,松山區,臺北市私立青林幼兒園,(02)27314531,臺北市松山區敦化南路一段80巷20號1樓,26,74400.0,121.5467284,25.0466817,locality.63671015,松山區
394,準公共,內湖區,臺北市私立保進幼兒園,(02)26332111,臺北市內湖區康樂街61巷15弄1號1、2樓,160,,121.618465,25.068883,locality.63613671,內湖區
395,私立,大安區,臺北市私立信宜幼兒園,(02)27099157,臺北市大安區安和路一段102巷17號1樓,35,110000.0,121.551567,25.034294,locality.63654631,大安區
396,私立,大安區,臺北市私立信望愛幼兒園,(02)27330444,臺北市大安區敦化南路二段172巷3號1樓,30,46606.0,121.5478019,25.0240373,locality.63654631,大安區
397,私立,信義區,臺北市私立信義蒙特梭利幼兒園,(02)27251155,臺北市信義區忠孝東路五段236巷45弄9號,99,158875.0,121.572073,25.037613,locality.63605479,信義區
398,私立,文山區,臺北市私立勁寶兒公館幼兒園,(02)86631486,臺北市文山區萬盛街42號1樓,23,111000.0,121.539285,25.007257,locality.63662823,文山區
399,私立,內湖區,臺北市私立勁寶兒文德幼兒園,(02)26598109,臺北市內湖區內湖路二段130號1樓,30,69396.0,121.58283,25.079829,locality.63613671,內湖區
400,私立,大安區,臺北市私立勁寶兒幼兒園,(02)27111077,臺北市大安區復興南路一段92之8號,51,102000.0,121.543763,25.043757,locality.63654631,大安區
401,私立,松山區,臺北市私立勁寶兒民權幼兒園,(02)27199719,臺北市松山區民權東路三段106巷21弄12號1樓,36,63448.0,121.5455609,25.0594641,locality.63671015,松山區
402,私立,文山區,臺北市私立南方幼兒園,(02)29328553,臺北市文山區辛亥路四段21巷12及14號1樓,20,113178.0,121.5589628,25.009574,locality.63662823,文山區
403,私立,南港區,臺北市私立南光幼兒園,(02)27823329,臺北市南港區研究院路二段61巷2弄41號,92,113178.0,121.6172847,25.0446528,locality.63630055,南港區
404,私立,中正區,臺北市私立南門幼兒園,(02)23910571,臺北市中正區重慶南路三段27巷4號1樓,35,71550.0,121.516361,25.0286953,locality.63597287,中正區
405,私立,內湖區,臺北市私立咪咪幼兒園,(02)26576881,臺北市內湖區文德路66巷69弄30號1樓,47,75000.0,121.5826146,25.0761445,locality.63613671,內湖區
406,私立,南港區,臺北市私立咪咪陳幼兒園,(02)27820568,臺北市南港區重陽路551號1樓,30,94500.0,121.6087281,25.0566198,locality.63630055,南港區
407,私立,松山區,臺北市私立哈寶寶幼兒園,(02)37653868,臺北市松山區民生東路五段69巷2弄13號,40,74400.0,121.5591937,25.0592565,locality.63671015,松山區
408,私立,北投區,臺北市私立城市國際幼兒園,(02)2893-2155,臺北市北投區學園路2號2樓,100,59982.0,121.469136,25.134577,locality.63621863,北投區
409,私立,北投區,臺北市私立奎山中學附設幼兒園,(02)28212009#11,臺北市北投區明德路200號,90,74400.0,121.522665,25.112677,locality.63621863,北投區
410,準公共,萬華區,臺北市私立娃娃果幼兒園,(02)23069008,臺北市萬華區艋舺大道184號2樓及186號1、2樓,64,59982.0,121.500072,25.032693,locality.63679207,萬華區
411,私立,大安區,臺北市私立娃娃家蒙特梭利幼兒園,(02)27009515,臺北市大安區信義路四段61號1樓,58,126000.0,121.545133,25.033438,locality.63654631,大安區
412,私立,士林區,臺北市私立孩子國幼兒園,(02)28881541,臺北市士林區承德路四段185號,99,99000.0,121.522423,25.087624,locality.63638247,士林區
413,私立,中山區,臺北市私立建國幼兒園,(02)25075564,臺北市中山區建國北路二段6巷1號,90,122880.0,121.5354309,25.0526358,locality.63589095,中山區
414,準公共,士林區,臺北市私立星莆幼兒園,(02)28126386,臺北市士林區社中街289、291號1樓,40,63448.0,121.50838,25.091255,locality.63638247,士林區
415,準公共,內湖區,臺北市私立柏克立幼兒園,(02)26347688,臺北市內湖區金湖路363巷45號1樓至3樓,100,113178.0,121.601188798359,25.07202745,locality.63613671,內湖區
416,準公共,內湖區,臺北市私立柏克萊幼兒園,(02)26333002,臺北市內湖區金湖路363巷17號,40,113178.0,121.601188798359,25.07202745,locality.63613671,內湖區
417,私立,北投區,臺北市私立皇家幼兒園,(02)28220869,臺北市北投區榮華二路9號1樓,60,71550.0,121.5235068,25.1134721,locality.63621863,北投區
418,私立,萬華區,臺北市私立盈虹幼兒園,(02)23325452,臺北市萬華區西園路二段207號2樓及2樓之1,33,75000.0,121.4944,25.02724,locality.63679207,萬華區
419,私立,中山區,臺北市私立科見幼兒園,(02)25641420,臺北市中山區松江路90巷9號2樓,75,94500.0,121.532832,25.050553,locality.63589095,中山區
420,私立,內湖區,臺北市私立美敦幼兒園,(02)26270758,臺北市內湖區內湖路一段591巷11弄9、11號1樓,76,74400.0,121.5734681,25.0817415,locality.63613671,內湖區
421,準公共,萬華區,臺北市私立英才幼兒園,(02)23072584,臺北市萬華區萬大路200號,90,59982.0,121.500457,25.027747,locality.63679207,萬華區
422,私立,大安區,臺北市私立英羽幼兒園,(02)27096006,臺北市大安區復興南路二段111巷17弄7號1樓,23,,121.54465644999999,25.0295659,locality.63654631,大安區
423,私立,內湖區,臺北市私立英格幼兒園,(02)2791-1809,臺北市內湖區民權東路六段180巷23號,211,130200.0,121.5925475,25.0682552,locality.63613671,內湖區
424,準公共,松山區,臺北市私立郁欣幼兒園,(02)25787470,臺北市松山區八德路三段106巷70號,60,79932.0,121.554214,25.046332,locality.63671015,松山區
425,私立,中山區,臺北市私立韋斯登幼兒園,(02)25081568,臺北市中山區合江街73巷33號1樓,24,100400.0,121.540637,25.058748,locality.63589095,中山區
426,準公共,士林區,臺北市私立飛達幼兒園,(02)28113351,臺北市士林區延平北路六段210號1樓,90,55750.0,121.505619,25.089442,locality.63638247,士林區
427,私立,內湖區,臺北市私立家田幼兒園,(02)87918587,臺北市內湖區大湖街158巷2之3號,40,133000.0,121.5995525,25.083,locality.63613671,內湖區
428,準公共,文山區,臺北市私立家家幼兒園,(02)22307500,臺北市文山區興隆路三段二0七巷九弄11號,90,59394.0,121.5584857143,24.99495955,locality.63662823,文山區
429,私立,中正區,臺北市私立家緣蒙特梭利幼兒園,(02)33222686,臺北市中正區杭州南路1段131巷5號1樓,30,102000.0,121.526881,25.04369,locality.63597287,中正區
430,私立,士林區,臺北市私立師達幼兒園,(02)28718869,臺北市士林區士東路91巷26弄12號1樓至2樓,36,56000.0,121.52929,25.112734,locality.63638247,士林區
431,私立,內湖區,臺北市私立恩貝亞幼兒園,(02)27916484,臺北市內湖區金湖路179號1樓至2樓,80,119500.0,121.599096,25.07964,locality.63613671,內湖區
432,私立,文山區,臺北市私立書宜幼兒園,(02)89322211,臺北市文山區羅斯福路六段150巷22號1、2樓,120,104460.0,121.540828,24.994908,locality.63662823,文山區
433,私立,大安區,臺北市私立格林菲爾幼兒園,(02)87329191,臺北市大安區安和路二段181巷6號,132,180000.0,121.5508534,25.0272744,locality.63654631,大安區
434,私立,大安區,臺北市私立格登幼兒園,(02)27548168,臺北市大安區仁愛路三段26之1號,64,62500.0,121.533777,25.038341,locality.63654631,大安區
435,私立,松山區,臺北市私立格爾幼兒園,(02)87738855,臺北市松山區八德路二段402號1至2樓,82,48250.0,121.546771,25.048212,locality.63671015,松山區
436,私立,大同區,臺北市私立格爾登幼兒園,(02)25982833,臺北市大同區承德路三段40號1樓,35,49650.0,121.518401,25.064334,locality.63646439,大同區
437,私立,北投區,臺北市私立桃樂絲幼兒園,(02)28930381,臺北市北投區民族街12號1、2樓,23,61100.0,121.5059038,25.1329371,locality.63621863,北投區
438,準公共,大安區,臺北市私立桔子蒙特梭利幼兒園,(02)27790069,臺北市大安區仁愛路三段51巷8號1樓,26,91416.0,121.5358857,25.0393389,locality.63654631,大安區
439,準公共,士林區,臺北市私立泰安幼兒園,(02)28314281,臺北市士林區中山北路五段八二九巷14.16號,90,59608.0,121.527342276049,25.09255725,locality.63638247,士林區
440,私立,士林區,臺北市私立浩恩幼兒園,(02)28359964,臺北市士林區忠義街91巷17.19號1樓,40,72000.0,121.5329555,25.1062133,locality.63638247,士林區
441,私立,南港區,臺北市私立海格斯大千幼兒園,(02)27868889,臺北市南港區福德街310巷30、32及34號1樓,120,76962.0,121.5871595,25.0405431,locality.63630055,南港區
442,私立,大同區,臺北市私立海桔斯幼兒園,(02)25532687,臺北市大同區延平北路二段286號,21,81186.0,121.511338,25.060892,locality.63646439,大同區
443,私立,大安區,臺北市私立真心蒙特梭利幼兒園,(02)27050319,臺北市大安區安和路1段112巷20號1樓,28,123000.0,121.5523685,25.0353055,locality.63654631,大安區
444,私立,松山區,臺北市私立純青幼兒園,(02)27171217,臺北市松山區光復北路190巷35號1樓,95,88000.0,121.5543129,25.0545392,locality.63671015,松山區
445,私立,松山區,臺北市私立耕心幼兒園,(02)25463743,臺北市松山區南京東路四段53巷11弄2號,40,114000.0,121.5507007,25.0533207,locality.63671015,松山區
446,私立,松山區,臺北市私立健寶兒幼兒園,(02)27123455,臺北市松山區敦化北路222巷11之1、13號1樓,48,62820.0,121.5479169,25.0594335,locality.63671015,松山區
447,準公共,信義區,臺北市私立國泰幼兒園,(02)27617760,臺北市信義區永吉路278巷57弄16號1樓,60,72504.0,121.5753173,25.0433792,locality.63605479,信義區
448,私立,大安區,臺北市私立國際蒙特梭利大安森林幼兒園,(02)27846537,臺北市大安區新生南路1段143巷20、22號1樓,42,,121.535337,25.017768,locality.63654631,大安區
449,私立,內湖區,臺北市私立國際蒙特梭利內湖幼兒園,(02)27902950,臺北市內湖區大湖街166巷18號1樓至2樓,40,89136.0,121.6014749,25.08334,locality.63613671,內湖區
450,私立,北投區,臺北市私立國際蒙特梭利北投幼兒園,(02)28949605,臺北市北投區光明路226-1號,29,123800.0,121.5025325,25.1345162,locality.63621863,北投區
451,私立,中山區,臺北市私立國際蒙特梭利幼兒園,(02)85021622,臺北市中山區樂群二路128號1樓,161,131900.0,121.556986,25.079905,locality.63589095,中山區
452,準公共,北投區,臺北市私立培爾幼兒園,(02)28946256,臺北市北投區大屯路31巷15號及91巷15號,150,59340.0,121.5008345,25.1438112,locality.63621863,北投區
453,準公共,信義區,臺北市私立培諾米達信義幼兒園,(02)27266099,臺北市信義區松德路161之4號1樓及161號2樓,56,,121.574939,25.036276,locality.63605479,信義區
454,私立,內湖區,臺北市私立康大幼兒園,(02)26330175,臺北市內湖區康樂街116、116-1、116-2號2樓,45,,121.61922,25.070906,locality.63613671,內湖區
455,私立,文山區,臺北市私立彩虹屋幼兒園,(02)29354278,臺北市文山區辛亥路四段130巷5號1樓,40,114600.0,121.5567738,25.0045767,locality.63662823,文山區
456,私立,士林區,臺北市私立捷森幼兒園,(02)28741177,臺北市士林區天玉街15號1~4樓,80,151440.0,121.527865,25.120743,locality.63638247,士林區
457,私立,中山區,臺北市私立晨星蒙特梭利幼兒園,(02)25047216,臺北市中山區龍江路114巷6號1樓,32,91962.0,121.54016,25.05308,locality.63589095,中山區
458,私立,大安區,臺北市私立梓園幼兒園,(02)23570414,臺北市大安區信義路二段228巷9號1樓,28,110000.0,121.5317085,25.0325657,locality.63654631,大安區
459,私立,中正區,臺北市私立涵鈺新天地幼兒園,(02)23576386,臺北市中正區林森南路12號3樓之1,30,86120.0,121.522513,25.042736,locality.63597287,中正區
460,私立,士林區,臺北市私立淘兒園幼兒園,(02)28861858,臺北市士林區承德路四段57號,64,93000.0,121.523007,25.081718,locality.63638247,士林區
461,準公共,信義區,臺北市私立清心幼兒園,(02)27261705,臺北市信義區福德街137巷4.5號1樓,40,66758.0,121.5830798,25.0369231,locality.63605479,信義區
462,準公共,文山區,臺北市私立清華幼兒園,(02)29311714,臺北市文山區興隆路三段36巷9弄2號1樓,39,71880.0,121.5553906,24.99995715,locality.63662823,文山區
463,私立,大同區,臺北市私立甜甜屋幼兒園,(02)25960916,臺北市大同區重慶北路三段296巷4弄4號1樓,18,72000.0,121.5132478,25.07357,locality.63646439,大同區
464,私立,大同區,臺北市私立甜甜屋親子幼兒園,(02)25960916,臺北市大同區哈密街143之2號及143之3號1樓,20,,121.516592804501,25.07393715,locality.63646439,大同區
465,私立,中山區,臺北市私立笙愛幼兒園,(02)25818356,臺北市中山區松江路78巷8號1樓至2樓,35,90600.0,121.5328112,25.0497839,locality.63589095,中山區
466,私立,文山區,臺北市私立荳荳幼兒園,(02)22369488,臺北市文山區木柵路一段59巷2號1樓,33,83560.0,121.545981,24.98684,locality.63662823,文山區
467,私立,中山區,臺北市私立荳荳園幼兒園,(02)27771300,臺北市中山區龍江路31號2樓,40,97600.0,121.540401,25.048349,locality.63589095,中山區
468,準公共,南港區,臺北市私立莒光幼兒園,(02)27821776,臺北市南港區舊莊街一段145巷6弄31號,120,65124.0,121.6215537,25.0397446,locality.63630055,南港區
469,私立,萬華區,臺北市私立雪拉比幼兒園,(02)23065715,臺北市萬華區環河南路二段250巷1號,52,41000.0,121.4910141,25.0336089,locality.63679207,萬華區
470,私立,內湖區,臺北市私立麻雀素食幼兒園,(02)26315918,臺北市內湖區康樂街141之2號1樓,18,69300.0,121.619285,25.071914,locality.63613671,內湖區
471,私立,信義區,臺北市私立傑生幼兒園,(02)27480759,臺北市信義區忠孝東路五段295巷6弄21.23.25號1樓,40,108000.0,121.57331350000001,25.0418207,locality.63605479,信義區
472,私立,南港區,臺北市私立傑生寶華國際幼兒園,(02)27866685,臺北市南港區成福路207巷9號,120,52800.0,121.58915719999999,25.0403156,locality.63630055,南港區
473,私立,中正區,臺北市私立傑瑞富幼兒園,(02)5582-5168#0208,臺北市中正區忠孝東路一段9號2樓,54,137400.0,121.52396,25.044599,locality.63597287,中正區
474,私立,中山區,臺北市私立傑聲幼兒園,(02)25328550,臺北市中山區明水路397巷2弄10、12號1、2樓,98,117000.0,121.5462219,25.0779928,locality.63589095,中山區
475,私立,松山區,臺北市私立凱思幼兒園,(02)25791350,臺北市松山區光復北路100巷8號2樓,31,101000.0,121.55709145,25.0505331,locality.63671015,松山區
476,私立,松山區,臺北市私立凱思寶幼兒園,(02)25791349,臺北市松山區光復北路100巷8號3樓,25,108200.0,121.55709145,25.0505331,locality.63671015,松山區
477,私立,士林區,臺北市私立凱斯幼兒園,(02)88611866,臺北市士林區承德路四段179巷7號,99,156000.0,121.5237858,25.0879348,locality.63638247,士林區
478,私立,內湖區,臺北市私立凱菲林幼兒園,(02)26346557,臺北市內湖區康寧路三段54之5號2樓,40,100600.0,121.609607,25.071395,locality.63613671,內湖區
479,私立,北投區,臺北市私立凱薩琳幼兒園,(02)28916098,臺北市北投區公館路279巷2號1、2樓,51,64929.0,121.507263,25.12501,locality.63621863,北投區
480,私立,士林區,臺北市私立博仁幼兒園,(02)28723567,臺北市士林區中山北路六段405巷29、31號,120,90000.0,121.5269851,25.1156442,locality.63638247,士林區
481,私立,士林區,臺北市私立博如日本幼兒幼兒園,(02)28340473,臺北市士林區克強路10巷9弄29及31號1樓,40,,121.5234905,25.1094188,locality.63638247,士林區
482,私立,士林區,臺北市私立博如幼兒園,(02)28339854,臺北市士林區雙溪街1820號1樓,70,84738.0,121.52615325,25.10083665,locality.63638247,士林區
483,私立,大同區,臺北市私立博登幼兒園,(02)25871879,臺北市大同區承德路三段208巷29號及33號1樓,79,58320.0,121.5174947,25.0705077,locality.63646439,大同區
484,準公共,萬華區,臺北市私立博愛幼兒園,(02)23072749,臺北市萬華區武成街28巷9弄2號,120,64146.0,121.4955349,25.0188285,locality.63679207,萬華區
485,私立,松山區,臺北市私立喜樂幼兒園,(02)27622872,臺北市松山區健康路290之1號1樓,40,113820.0,121.563969,25.054231,locality.63671015,松山區
486,私立,中山區,臺北市私立喬可幼兒園,(02)25329555,臺北市中山區北安路554巷19號,40,69100.0,121.5492742,25.0800197,locality.63589095,中山區
487,私立,中山區,臺北市私立喬幼一江幼兒園,(02)25628898,臺北市中山區一江街21號1樓及2樓,41,108050.0,121.531523,25.052575,locality.63589095,中山區
488,私立,中山區,臺北市私立喬幼國際幼兒園,(02)25181888,臺北市中山區民權東路三段63、65、67號2樓至3樓,99,107800.0,121.5435269,25.0621576,locality.63589095,中山區
489,私立,信義區,臺北市私立喬伊幼兒園,(02)23460084,臺北市信義區忠孝東路五段524巷3弄27號1樓,28,74640.0,121.5803067,25.0410495,locality.63605479,信義區
490,私立,內湖區,臺北市私立喬治亞幼兒園,(02)27901110,臺北市內湖區內湖路二段334之1號,120,103500.0,121.588911,25.081639,locality.63613671,內湖區
491,準公共,文山區,臺北市私立惠生幼兒園,(02)22308526,臺北市文山區興隆路三段207巷10弄1、3、9號,90,70740.0,121.5608862,24.9945026,locality.63662823,文山區
492,準公共,大安區,臺北市私立惠真幼兒園,(02)27383431,臺北市大安區通化街143巷31號1樓至2樓,120,61704.0,121.5548595,25.0286678,locality.63654631,大安區
493,私立,內湖區,臺北市私立惠登幼兒園,(02)26335935,臺北市內湖區康寧路三段189巷52號1樓,15,55740.0,121.611232459122,25.07613505,locality.63613671,內湖區
494,準公共,南港區,臺北市私立惠群幼兒園,(02)26511256,臺北市南港區合順街8巷5弄5號1樓,16,70946.0,121.6191115,25.0420107,locality.63630055,南港區
495,私立,士林區,臺北市私立敦品幼兒園,(02)28366464,臺北市士林區忠誠路一段173巷13號1、2樓,32,88680.0,121.5313094,25.1080652,locality.63638247,士林區
496,私立,大安區,臺北市私立敦歆幼兒園,(02)27761626,臺北市大安區忠孝東路三段217巷2弄8號1樓,38,108600.0,121.5402082,25.04232055,locality.63654631,大安區
497,私立,北投區,臺北市私立晴晴幼兒園,(02)28239652,臺北市北投區致遠一路一段104巷19號1、2樓,30,52900.0,121.51555415,25.10982215,locality.63621863,北投區
498,私立,中正區,臺北市私立智寶園幼兒園,(02)23560362,臺北市中正區羅斯福路2段50號,39,90000.0,121.532735,25.015969,locality.63597287,中正區
499,私立,內湖區,臺北市私立森林學館幼兒園,(02)26577679,臺北市內湖區陽光街65號1樓,38,92480.0,121.587066,25.076754,locality.63613671,內湖區
500,私立,內湖區,臺北市私立湖畔小百合蒙特梭利幼兒園,(02)27946033,臺北市內湖區大湖山莊街85號,50,153000.0,121.601739,25.085606,locality.63613671,內湖區
501,私立,北投區,臺北市私立發現蒙特梭利幼兒園,(02)28232092,臺北市北投區文林北路80巷90弄41號1、2樓,42,111000.0,121.5203518,25.1064382,locality.63621863,北投區
502,私立,大安區,臺北市私立童年空間幼兒園,(02)27840326#14,臺北市大安區信義路四段265巷20弄18號1樓,24,114000.0,121.55431540000001,25.0347443,locality.63654631,大安區
503,私立,松山區,臺北市私立童欣幼兒園,(02)27662965,臺北市松山區富錦街396號、398號1樓,60,110100.0,121.5644077,25.0608816,locality.63671015,松山區
504,準公共,大安區,臺北市私立童馨幼兒園,(02)27320003,臺北市大安區樂業街182號2樓及184號2樓,50,69260.0,121.553424,25.01973,locality.63654631,大安區
505,私立,大安區,臺北市私立菁英幼兒園,(02)27718292,臺北市大安區新生南路一段119巷15號1樓,30,166602.0,121.5334374,25.0392424,locality.63654631,大安區
506,私立,大安區,臺北市私立菁英種子幼兒園,(02)27315785,臺北市大安區濟南路3段11號1樓,26,118200.0,121.533526,25.040173,locality.63654631,大安區
507,準公共,北投區,臺北市私立華民幼兒園,(02)28732423,臺北市北投區石牌路二段358號1、2樓,99,83700.0,121.521332,25.118997,locality.63621863,北投區
508,私立,內湖區,臺北市私立華泰大湖幼兒園,(02)27928335,臺北市內湖區大湖山莊街21巷2號2樓,53,112220.0,121.6023695,25.0863957,locality.63613671,內湖區
509,私立,內湖區,臺北市私立華泰幼兒園,(02)27928335,臺北市內湖區大湖山莊街21巷2號,60,115940.0,121.6023695,25.0863957,locality.63613671,內湖區
510,私立,內湖區,臺北市私立華泰種子幼兒園,(02)27928359,臺北市內湖區大湖山莊街97號1、2樓,51,114740.0,121.601826,25.085193,locality.63613671,內湖區
511,私立,大安區,臺北市私立華康幼兒園,(02)23914431,臺北市大安區金華街223之5號,31,123000.0,121.529287,25.029846,locality.63654631,大安區
512,私立,內湖區,臺北市私立華盛頓幼兒園,(02)26576155,臺北市內湖區瑞光路271號1樓至2樓,90,63700.0,121.576864,25.075156,locality.63613671,內湖區
513,私立,大安區,臺北市私立華菂幼兒園,(02)27350267,臺北市大安區安和路二段217巷30、32號1樓,90,156060.0,121.5508345,25.0259067,locality.63654631,大安區
514,私立,士林區,臺北市私立華邇街幼兒園,(02)28363379,臺北市士林區中山北路六段290巷7弄8號,70,76500.0,121.524755,25.103461,locality.63638247,士林區
515,私立,松山區,臺北市私立賀瑞幼兒園,(02)27127575,臺北市松山區南京東路四段53巷11弄1號,64,132000.0,121.5507007,25.0533207,locality.63671015,松山區
516,私立,信義區,臺北市私立逸仙幼兒園,(02)27224144,臺北市信義區逸仙路42巷6號1樓,38,95000.0,121.5625583,25.040204,locality.63605479,信義區
517,私立,大安區,臺北市私立陽光小屋幼兒園,(02)27070728,臺北市大安區瑞安街208巷14弄24號1樓,30,159000.0,121.5393947,25.0286881,locality.63654631,大安區
518,準公共,內湖區,臺北市私立陽光森林麗湖幼兒園,(02)27997707,臺北市內湖區內湖路二段103巷48號1樓,21,73980.0,121.580874,25.084524,locality.63613671,內湖區
519,私立,大安區,臺北市私立陽光寶貝幼兒園,(02)27038699,臺北市大安區新生南路1段133巷9號1、2樓,90,102150.0,121.535337,25.017768,locality.63654631,大安區
520,私立,松山區,臺北市私立圓圓幼兒園,(02)27121692,臺北市松山區慶城街20號1樓,240,97000.0,121.545787,25.054022,locality.63671015,松山區
521,私立,內湖區,臺北市私立塞凡提幼兒園,(02)26312809,臺北市內湖區民權東路六段296巷31弄4號1樓,19,114000.0,121.6075201,25.071267,locality.63613671,內湖區
522,私立,內湖區,臺北市私立塞凡提甜心幼兒園,(02)26331385,臺北市內湖區康寧路3段189巷42號,40,88500.0,121.617564,25.067879,locality.63613671,內湖區
523,私立,內湖區,臺北市私立塞凡提凱旋幼兒園,(02)26324058,臺北市內湖區民權東路六段296巷61號,30,144500.0,121.6075201,25.071267,locality.63613671,內湖區
524,私立,內湖區,臺北市私立奧斯福爾幼兒園,(02)26340258#192,臺北市內湖區康寧路三段16巷53號1樓至2樓,180,49800.0,121.60842,25.071374,locality.63613671,內湖區
525,私立,士林區,臺北市私立奧爾仕幼兒園,(02)28807531,臺北市士林區至善路二段1之1號1、2樓,150,122000.0,121.550586133247,25.10000755,locality.63638247,士林區
526,準公共,信義區,臺北市私立微笑幼兒園,(02)87323560,臺北市信義區和平東路3段341巷12號1、2樓,35,54780.0,121.546762,25.024633,locality.63654631,大安區
527,私立,士林區,臺北市私立微笑音符幼兒園,(02)88666629,臺北市士林區至誠路1段148號1樓及2樓,29,144000.0,121.5362522,25.1012069,locality.63638247,士林區
528,私立,大安區,臺北市私立愛英幼兒園,(02)23219844,臺北市大安區金山南路二段159巷3號,60,72000.0,121.5276026,25.0290185,locality.63654631,大安區
529,私立,中山區,臺北市私立愛迪兒幼兒園,(02)25222745,臺北市中山區松江路170巷17號2樓,33,90000.0,121.5316493,25.0560366,locality.63589095,中山區
530,私立,北投區,臺北市私立愛德恩幼兒園,(02)28721955,臺北市北投區石牌路二段303號,50,54902.0,121.521332,25.118997,locality.63621863,北投區
531,私立,士林區,臺北市私立愛樂芬幼兒園,(02)88111313,臺北市士林區社子街63巷8號1樓,21,66280.0,121.5068553,25.0883144,locality.63638247,士林區
532,私立,北投區,臺北市私立新天地幼兒園,(02)28960707,臺北市北投區中央北路4段32號,210,118000.0,121.495183,25.136359,locality.63621863,北投區
533,私立,中山區,臺北市私立新生幼兒園,(02)25414534,臺北市中山區新生北路2段125號1、2樓,390,123000.0,121.52775,25.056701,locality.63589095,中山區
534,私立,大安區,臺北市私立新生寶貝幼兒園,(02)23959817,臺北市大安區信義路2段230號2樓,220,123000.0,121.545524,25.03343,locality.63654631,大安區
535,準公共,北投區,臺北市私立新成功幼兒園,(02)28286318,臺北市北投區實踐街54號,90,158400.0,121.50902,25.115201,locality.63621863,北投區
536,私立,中山區,臺北市私立新自立幼兒園,(02)25964546,臺北市中山區吉林路407巷7號1樓,60,136000.0,121.5317812,25.0660579,locality.63589095,中山區
537,私立,中山區,臺北市私立新自立全人幼兒園,(02)25964546,臺北市中山區德惠街150號2樓及152號1、2樓,75,54900.0,121.531801,25.066559,locality.63589095,中山區
538,私立,北投區,臺北市私立新茗幼兒園,(02)28216602,臺北市北投區立農街二段257之1號1樓,20,232950.0,121.516116,25.118638,locality.63621863,北投區
539,私立,南港區,臺北市私立新莒光幼兒園,(02)26510502,臺北市南港區研究院路2段35巷13號1樓,41,66000.0,121.614477,25.0484532,locality.63630055,南港區
540,準公共,大安區,臺北市私立經緯幼兒園,(02)27045180,臺北市大安區復興南路二段160巷16號1樓,31,89300.0,121.542269,25.027843,locality.63654631,大安區
541,私立,信義區,臺北市私立聖幼幼兒園,(02)27599391,臺北市信義區虎林街232巷54號1樓,30,89000.0,121.5762038,25.035983,locality.63605479,信義區
542,私立,松山區,臺北市私立聖如幼兒園,(02)27180033,臺北市松山區復興北路361巷26號1樓,34,99000.0,121.54576702293,25.06103945,locality.63671015,松山區
543,私立,內湖區,臺北市私立聖安幼兒園,(02)26329810,臺北市內湖區民權東路六段296巷69號,40,75720.0,121.6075201,25.071267,locality.63613671,內湖區
544,私立,內湖區,臺北市私立聖育幼兒園,(02)27909417,臺北市內湖區內湖路三段60巷9、11號1樓至2樓,47,82842.0,121.5923518,25.08466545,locality.63613671,內湖區
545,準公共,萬華區,臺北市私立聖保羅幼兒園,(02)23753690,臺北市萬華區長沙街2段52號1樓、2樓,35,64644.0,121.5040773,25.0403531,locality.63679207,萬華區
546,私立,內湖區,臺北市私立聖喬治幼兒園,(02)26337996,臺北市內湖區民權東路六段296巷40號,150,109600.0,121.6075201,25.071267,locality.63613671,內湖區
547,準公共,北投區,臺北市私立聖德幼兒園,(02)28343465,臺北市北投區洲美街271號1樓,174,55026.0,121.5126864,25.0988128,locality.63621863,北投區
548,私立,松山區,臺北市私立聖儒幼兒園,(02)27173888,臺北市松山區復興北路361巷24號1樓,33,99000.0,121.54576702293,25.06103945,locality.63671015,松山區
549,私立,松山區,臺北市私立資幼幼兒園,(02)27674365,臺北市松山區富錦街372號1樓,34,96000.0,121.5644077,25.0608816,locality.63671015,松山區
550,準公共,北投區,臺北市私立資優兒幼兒園,(02)28231799,臺北市北投區文林北路80巷38弄10號1樓,30,,121.5194692,25.1063238,locality.63621863,北投區
551,私立,北投區,臺北市私立資優兒童幼兒園,(02)28949838,臺北市北投區中央北路一段179巷1號1樓,16,,121.498756,25.135291,locality.63621863,北投區
552,私立,北投區,臺北市私立道生幼兒園,(02)28922691,臺北市北投區中央北路三段188號1、2、3樓,270,108600.0,121.4831243,25.1372118,locality.63621863,北投區
553,私立,南港區,臺北市私立道生南港幼兒園,(02)27880661,臺北市南港區重陽路187巷1號1樓,70,115000.0,121.6087281,25.0566198,locality.63630055,南港區
554,私立,中山區,臺北市私立道明幼兒園,(02)25942294#1061,臺北市中山區吉林路378號1、2樓,270,67910.0,121.529873,25.064609,locality.63589095,中山區
555,私立,士林區,臺北市私立道思幼兒園,(02)28731515,臺北市士林區天母北路61號,100,100200.0,121.526701,25.121255,locality.63638247,士林區
556,私立,士林區,臺北市私立道爾敦幼兒園,(02)28730225,臺北市士林區中山北路七段224號,150,,121.532816,25.124999,locality.63638247,士林區
557,私立,南港區,臺北市私立達芬奇多元智能幼兒園,(02)27881098,臺北市南港區興華路32號1至4樓,30,71840.0,121.606055,25.054883,locality.63630055,南港區
558,私立,信義區,臺北市私立達德幼兒園,(02)27295967,臺北市信義區莊敬路423巷2弄4號及6號1樓,36,73905.0,121.56730105,25.027431,locality.63605479,信義區
559,私立,文山區,臺北市私立頌恩幼兒園,(02)22305679,臺北市文山區萬安街91號及93號1樓,53,97800.0,121.570889,25.00166,locality.63662823,文山區
560,私立,松山區,臺北市私立嘉勝幼兒園,(02)27648859,臺北市松山區三民路9-17、9-18、9-19、9-20號1樓,30,105985.0,121.5639435,25.0567412,locality.63671015,松山區
561,私立,松山區,臺北市私立嘉維幼兒園,(02)27648859,臺北市松山區三民路9-21、9-22、9-23、9-24號1樓,32,105985.0,121.5639435,25.0567412,locality.63671015,松山區
562,私立,中山區,臺北市私立嘉霖幼兒園,(02)25927525,臺北市中山區民權東路2段107號,220,106385.0,121.537543,25.062144,locality.63589095,中山區
563,私立,內湖區,臺北市私立嘉霙幼兒園,(02)26278523,臺北市內湖區陽光街116號1樓,23,77070.0,121.5804676,25.0741947,locality.63613671,內湖區
564,私立,大安區,臺北市私立嘟嘟幼兒園,(02)27218791,臺北市大安區光復南路96巷2之1號,40,75600.0,121.55637825,25.0437426,locality.63654631,大安區
565,私立,內湖區,臺北市私立夢想幼兒園,(02)27986455,臺北市內湖區文德路210巷8之3號2樓,40,,121.5838589,25.0775385,locality.63613671,內湖區
566,私立,萬華區,臺北市私立寧馨苑幼兒園,(02)23392488,臺北市萬華區西藏路239號1樓,34,,121.503657,25.029905,locality.63679207,萬華區
567,準公共,萬華區,臺北市私立慈愛幼兒園,(02)23078147,臺北市萬華區寶興街140巷23號、27號1、2樓,60,86400.0,121.493902,25.0240707,locality.63679207,萬華區
568,準公共,士林區,臺北市私立慈暉幼兒園,(02)28113589,臺北市士林區永平街46巷3弄9號,30,64868.0,121.5060274,25.0914572,locality.63638247,士林區
569,私立,大同區,臺北市私立榮星幼兒園,(02)25536699,臺北市大同區歸綏街303巷9號1樓及2樓,180,,121.508796,25.05877,locality.63646439,大同區
570,準公共,文山區,臺北市私立滬江高級中學附設幼兒園,(02)27279422,臺北市文山區羅斯福路六段336號,212,126000.0,121.538493,24.989279,locality.63662823,文山區
571,私立,大安區,臺北市私立滿兒圓幼兒園,(02)27543381,臺北市大安區仁愛路四段300巷20弄15號1樓,38,108000.0,121.55369485,25.03623245,locality.63654631,大安區
572,私立,士林區,臺北市私立熊寶貝幼兒園,(02)28363868,臺北市士林區士東路46巷26號1樓,165,94800.0,121.52758,25.111933,locality.63638247,士林區
573,私立,大安區,臺北市私立爾雅幼兒園,(02)27022953,臺北市大安區大安路二段160巷20號1樓,24,124000.0,121.5450761,25.0288099,locality.63654631,大安區
574,私立,士林區,臺北市私立種籽幼兒園,(02)28315266,臺北市士林區中山北路六段290巷11弄3號1樓,40,99800.0,121.52476,25.103586,locality.63638247,士林區
575,私立,士林區,臺北市私立精采童年幼兒園,(02)28717230,臺北市士林區天母北路42之2號,115,117350.0,121.526588,25.120668,locality.63638247,士林區
576,私立,松山區,臺北市私立維多利亞幼兒園,(02)27183809,臺北市松山區民權東路3段160巷19弄17號1樓,120,109800.0,121.5659,25.063287,locality.63671015,松山區
577,私立,中正區,臺北市私立維格幼兒園,(02)23816101,臺北市中正區廣州街8巷13號1樓,17,71000.0,121.5082657,25.0346596,locality.63597287,中正區
578,私立,中山區,臺北市私立蒙特梭利快樂園幼兒園,(02)25337952,臺北市中山區樂群二路188、190號1樓,34,104400.0,121.5572826,25.0801369,locality.63589095,中山區
579,私立,中山區,臺北市私立蒙特梭利欣兒園幼兒園,(02)85021515,臺北市中山區堤頂大道2段342、344號1、2樓、1樓夾層,63,,121.571853,25.07549,locality.63589095,中山區
580,私立,中山區,臺北市私立蒙特梭利花園幼兒園,(02)25329338,臺北市中山區明水路397巷7弄2號,40,82000.0,121.5462219,25.0779928,locality.63589095,中山區
581,私立,中正區,臺北市私立蒙特梭利童圓幼兒園,(02)23957517,臺北市中正區濟南路二段54-1號1至2樓,60,111900.0,121.529740143715,25.0408801,locality.63597287,中正區
582,私立,大安區,臺北市私立蒙特梭利愛兒園幼兒園,(02)27054343,臺北市大安區新生南路一段161巷4之9號1樓,32,119620.0,121.534509,25.034606,locality.63654631,大安區
583,私立,內湖區,臺北市私立廣教幼兒園,(02)27930308,臺北市內湖區成功路三段187巷35弄2號,36,78040.0,121.5918373,25.0792689,locality.63613671,內湖區
584,私立,士林區,臺北市私立德行幼兒園,(02)28368002,臺北市士林區中山北路6段290巷48.50號,90,106800.0,121.528123,25.09362,locality.63638247,士林區
585,私立,萬華區,臺北市私立德昌幼兒園,(02)23395958,臺北市萬華區德昌街166號2樓,25,75000.0,121.4961266,25.023976,locality.63679207,萬華區
586,準公共,萬華區,臺北市私立德明幼兒園,(02)23073007,臺北市萬華區萬大路449巷28弄3號1樓,90,57622.0,121.4992866,25.0204326,locality.63679207,萬華區
587,私立,北投區,臺北市私立德美蒙特梭利幼兒園,(02)28205120,臺北市北投區東華街二段92號,27,96000.0,121.5061304,25.1209048,locality.63621863,北投區
588,私立,松山區,臺北市私立德馨幼兒園,(02)25700768,臺北市松山區八德路三段12巷20弄18號1樓,23,63000.0,121.5507045,25.0466292,locality.63671015,松山區
589,準公共,信義區,臺北市私立慧光幼兒園,(02)27279422,臺北市信義區虎林街232巷66弄1號,120,69840.0,121.5762038,25.035983,locality.63605479,信義區
590,準公共,北投區,臺北市私立樂家幼兒園,(02)28288788,臺北市北投區實踐街6巷3弄11號1樓,29,72396.0,121.5082225,25.1150923,locality.63621863,北投區
591,準公共,北投區,臺北市私立潘蜜拉幼兒園,(02)28921534,臺北市北投區大屯路21巷21號1樓,90,54902.0,121.5008345,25.1438112,locality.63621863,北投區
592,準公共,內湖區,臺北市私立潭美幼兒園,(02)26319070,臺北市內湖區東湖路160巷10弄20、22、24號,52,66280.0,121.617104,25.0676917,locality.63613671,內湖區
593,私立,大安區,臺北市私立熱帶魚幼兒園,(02)27526136,臺北市大安區忠孝東路四段170巷24號1樓,40,118000.0,121.55076,25.0399243,locality.63654631,大安區
594,私立,大安區,臺北市私立磊心信義幼兒園,(02)27014947,臺北市大安區四維路76巷17號1樓,28,123000.0,121.5471968,25.0342612,locality.63654631,大安區
595,私立,大安區,臺北市私立磊心蒙特梭利幼兒園,(02)27014947,臺北市大安區信義路四段99巷30.32號1樓,40,123000.0,121.5471968,25.0342612,locality.63654631,大安區
596,私立,大安區,臺北市私立蔚思幼兒園,(02)27350269,臺北市大安區安和路二段217巷22、24、26號1、2樓,40,158400.0,121.5508345,25.0259067,locality.63654631,大安區
597,私立,大安區,臺北市私立蔚景幼兒園,(02)27042496,臺北市大安區復興南路1段313巷6號12樓,48,136000.0,121.543555,25.027729,locality.63654631,大安區
598,私立,文山區,臺北市私立樹人幼兒園,(02)29310558,臺北市文山區景華街121巷17弄9號,120,54900.0,121.545691,24.996835,locality.63662823,文山區
599,私立,大安區,臺北市私立樹屋幼兒園,(02)23782200#28,臺北市大安區樂利路11巷19號1樓,30,232950.0,121.5519283,25.0284221,locality.63654631,大安區
600,準公共,南港區,臺北市私立樹德幼兒園,(02)27854601,臺北市南港區東新街80巷11弄2號、4號,90,64098.0,121.58746735,25.0456132,locality.63630055,南港區
601,私立,北投區,臺北市私立橘子蒙特梭利幼兒園,(02)28584990,臺北市北投區知行路292巷6、8號1樓,90,122000.0,121.467305,25.121245,locality.63621863,北投區
602,私立,大安區,臺北市私立橘子樹幼兒園,(02)27087011,臺北市大安區瑞安街208巷2號及4號1樓,40,105000.0,121.540466,25.027926,locality.63654631,大安區
603,私立,士林區,臺北市私立翰諾幼兒園,(02)28362424,臺北市士林區德行東路61巷4號1、2樓,40,55600.0,121.529632,25.11082,locality.63638247,士林區
604,準公共,內湖區,臺北市私立融恩幼兒園,(02)87919961,臺北市內湖區金湖路16之11號1樓,22,82440.0,121.597619,25.081286,locality.63613671,內湖區
605,私立,松山區,臺北市私立親子坊幼兒園,(02)27612798,臺北市松山區健康路325巷16號1樓,25,,121.56635845488,25.05536055,locality.63671015,松山區
606,私立,大同區,臺北市私立親兒園蒙特梭利幼兒園,(02)2559-0888,臺北市大同區承德路2段47號,55,77760.0,121.517844,25.053438,locality.63646439,大同區
607,準公共,大安區,臺北市私立親親幼兒園,(02)27753636,臺北市大安區延吉街109號2樓,27,,121.554172,25.042615,locality.63654631,大安區
608,準公共,文山區,臺北市私立諾貝兒幼兒園,(02)29351301,臺北市文山區興隆路二段203巷112及114號1樓,22,74880.0,121.5483716,25.0022001,locality.63662823,文山區
609,私立,內湖區,臺北市私立諾貝爾內湖幼兒園,(02)26330368,臺北市內湖區金湖路417號2樓,30,99600.0,121.604728,25.073242,locality.63613671,內湖區
610,私立,內湖區,臺北市私立諾貝爾幼兒園,(02)26330368,臺北市內湖區金湖路415號1樓及417號1樓,62,89520.0,121.605207,25.073405,locality.63613671,內湖區
611,私立,內湖區,臺北市私立諾貝爾金湖幼兒園,(02)26330368,臺北市內湖區金湖路419號2樓,30,99600.0,121.605572,25.073341,locality.63613671,內湖區
612,私立,大安區,臺北市私立貓熊幼兒園,(02)27048016#22,臺北市大安區建國南路二段79巷33號,180,112020.0,121.5383444,25.0309109,locality.63654631,大安區
613,私立,中山區,臺北市私立龍江幼兒園,(02)25097435,臺北市中山區龍江路397巷12號1樓,20,70620.0,121.5425249,25.0655458,locality.63589095,中山區
614,私立,南港區,臺北市私立龍華幼兒園,(02)27867166,臺北市南港區玉成街247號,186,93300.0,121.5822209,25.0467148,locality.63630055,南港區
615,私立,內湖區,臺北市私立優幼園幼兒園,(02)27922182,臺北市內湖區成功路四段30巷11號1樓,19,111000.0,121.591256,25.081945,locality.63613671,內湖區
616,私立,北投區,臺北市私立優格幼兒園,(02)28710871,臺北市北投區石牌路二段315巷10弄10號2樓,19,90582.0,121.52268065,25.1224722,locality.63621863,北投區
617,私立,北投區,臺北市私立優格快樂幼兒園,(02)28718388,臺北市北投區石牌路二段315巷10弄10號1樓,40,90540.0,121.52268065,25.1224722,locality.63621863,北投區
618,準公共,松山區,臺北市私立優寶幼兒園,(02)27131091,臺北市松山區南京東路四段133巷6弄2號1、2樓,120,97200.0,121.554616,25.052688,locality.63671015,松山區
619,私立,中正區,臺北市私立聯華幼兒園,(02)23078855,臺北市中正區南海路110之1號1樓,90,71100.0,121.513897770567,25.0314047,locality.63597287,中正區
620,私立,北投區,臺北市私立薇閣國民小學附設幼兒園,(02)28911066,臺北市北投區珠海路50號1樓至2樓,600,71600.0,121.503661,25.139168,locality.63621863,北投區
621,準公共,北投區,臺北市私立藍天幼兒園,(02)28963620,臺北市北投區中和街392號1、2樓,32,75780.0,121.497757,25.144193,locality.63621863,北投區
622,私立,北投區,臺北市私立豐年幼兒園,(02)28925688,臺北市北投區中央北路二段95巷1弄40號,18,60300.0,121.496279,25.135969,locality.63621863,北投區
623,私立,松山區,臺北市私立豐村幼兒園,(02)27619160,臺北市松山區八德路四段106巷2弄4號1樓,29,132000.0,121.5606013,25.0479075,locality.63671015,松山區
624,私立,松山區,臺北市私立寶仁幼兒園,(02)27150971,臺北市松山區光復北路230巷1號1樓,55,111396.0,121.5544599,25.0562234,locality.63671015,松山區
625,私立,大安區,臺北市私立寶血幼兒園,(02)23631896,臺北市大安區泰順街60巷18弄8號,210,74400.0,121.5300083,25.0223749,locality.63654631,大安區
626,準公共,中正區,臺北市私立寶貝幼兒園,(02)23053874,臺北市中正區寧波西街181巷44號1、2樓,31,55398.0,121.515218,25.029781,locality.63597287,中正區
627,準公共,信義區,臺北市私立寶兒寶幼兒園,(02)23458112,臺北市信義區光復南路419巷17號1樓,60,66822.0,121.558953,25.0365,locality.63605479,信義區
628,私立,萬華區,臺北市私立寶興幼兒園,(02)23375171,臺北市萬華區寶興街228號1樓,54,60700.0,121.495551,25.023274,locality.63679207,萬華區
629,準公共,文山區,臺北市私立寶馨幼兒園,(02)86635966,臺北市文山區溪口街85巷7弄6號1樓,17,78792.0,121.5383296,24.9949571,locality.63662823,文山區
630,私立,中山區,臺北市私立蘊品幼兒園,(02)25322793,臺北市中山區基湖路147號1樓,37,147000.0,121.5651469,25.0805052,locality.63613671,內湖區
631,私立,松山區,臺北市私立馨兒園幼兒園,(02)25775928,臺北市松山區八德路三段12巷60號,40,140010.0,121.5507045,25.0466292,locality.63671015,松山區
632,私立,內湖區,臺北市私立櫻之圓蒙特梭利幼兒園,(02)87975200,臺北市內湖區環山路1段24巷10號1.2樓,40,117000.0,121.565617,25.082632,locality.63613671,內湖區
633,準公共,萬華區,臺北市私立歡樂童年幼兒園,(02)23018609,臺北市萬華區中華路二段428之4號1樓,27,64872.0,121.506007,25.027893,locality.63679207,萬華區
634,非營利,大安區,臺北市辛亥非營利幼兒園（委託社團法人中華婦幼發展協會辦理）,(02)27322374,臺北市大安區辛亥路三段11號1樓及2樓,144,0.0,121.543407,25.021037,locality.63654631,大安區
635,公立,大安區,臺北市和平實驗國民小學附設幼兒園,(02)27335900,臺北市大安區敦南街76巷28號,60,21588.0,121.546478839058,25.021483,locality.63654631,大安區
636,公立,松山區,臺北市松山區三民國民小學附設幼兒園,(02)27646080#511,臺北市松山區民權東路五段1號1樓,120,21588.0,121.564149,25.063751,locality.63671015,松山區
637,公立,松山區,臺北市松山區民族國民小學附設幼兒園,(02)27124872#710,臺北市松山區民生東路四段97巷7號1樓,180,21588.0,121.551392,25.059457,locality.63671015,松山區
638,公立,松山區,臺北市松山區民權國民小學附設幼兒園,(02)27652327#671,臺北市松山區民權東路四段200號1樓,212,21588.0,121.561649,25.062075,locality.63671015,松山區
639,公立,松山區,臺北市松山區西松國民小學附設幼兒園,(02)27609221#800,臺北市松山區三民路5號1樓及2樓,256,21588.0,121.5629,25.052771,locality.63671015,松山區
640,公立,松山區,臺北市松山區松山國民小學附設幼兒園,(02)27614924,臺北市松山區八德路四段746號1樓,182,21588.0,121.578716,25.05075,locality.63671015,松山區
641,公立,松山區,臺北市松山區健康國民小學附設幼兒園,(02)25282814#200,臺北市松山區延壽街168號1樓,90,21588.0,121.562766,25.056427,locality.63671015,松山區
642,公立,松山區,臺北市松山區敦化國民小學附設幼兒園,(02)27513310,臺北市松山區敦化北路2號1樓,120,21588.0,121.548038,25.049372,locality.63671015,松山區
643,非營利,信義區,臺北市信中非營利幼兒園（委託財團法人福智文教基金會辦理）,(02)2720-2271,臺北市信義區松仁路158巷1號,106,0.0,121.567385,25.02906,locality.63605479,信義區
644,公立,信義區,臺北市信義區三興國民小學附設幼兒園,(02)27368453#10,臺北市信義區基隆路二段99號,166,21588.0,121.558711,25.02917,locality.63605479,信義區
645,公立,信義區,臺北市信義區永吉國民小學附設幼兒園,(02)87858111#125,臺北市信義區松山路287巷5號,136,21588.0,121.57921,25.043271,locality.63605479,信義區
646,公立,信義區,臺北市信義區永春國民小學附設幼兒園,(02)27641314#108,臺北市信義區松山路225巷48號,220,21588.0,121.578404,25.04478,locality.63605479,信義區
647,公立,信義區,臺北市信義區光復國民小學附設幼兒園,(02)27585076#877,臺北市信義區光復南路271號,166,21588.0,121.558451,25.040651,locality.63605479,信義區
648,公立,信義區,臺北市信義區吳興國民小學附設幼兒園,(02)27200226#71,臺北市信義區松仁路226號,136,21588.0,121.568009,25.025639,locality.63605479,信義區
649,公立,信義區,臺北市信義區信義國民小學附設幼兒園,(02)27204005#871,臺北市信義區松勤街60號,180,21588.0,121.562924,25.031106,locality.63605479,信義區
650,公立,信義區,臺北市信義區博愛國民小學附設幼兒園,(02)23450616#633,臺北市信義區松仁路95巷20號,90,21588.0,121.570925,25.035473,locality.63605479,信義區
651,公立,信義區,臺北市信義區福德國民小學附設幼兒園,(02)27277992#61,臺北市信義區褔德街253號,136,21588.0,121.553171,25.047585,locality.63671015,松山區
652,公立,信義區,臺北市信義區興雅國民小學附設幼兒園,(02)27698786#10,臺北市信義區基隆路一段83巷9號,166,21588.0,121.569692,25.047329,locality.63605479,信義區
653,公立,南港區,臺北市南港區玉成國民小學附設幼兒園,(02)27836049#190,臺北市南港區向陽路31號,152,21588.0,121.593777,25.053722,locality.63630055,南港區
654,公立,南港區,臺北市南港區成德國民小學附設幼兒園,(02)27853856#10,臺北市南港區東新街65號,166,21588.0,121.58725,25.04738,locality.63630055,南港區
655,公立,南港區,臺北市南港區東新國民小學附設幼兒園,(02)27837577#53,臺北市南港區興南街62號,90,21588.0,121.602752,25.055917,locality.63630055,南港區
656,公立,南港區,臺北市南港區南港國民小學附設幼兒園,(02)27834678#1901,臺北市南港區惠民街67號,106,21588.0,121.6101331,25.0565019,locality.63630055,南港區
657,公立,南港區,臺北市南港區修德國民小學附設幼兒園,(02)27880500#202,臺北市南港區東新街118巷86號,174,21588.0,121.589388,25.045003,locality.63630055,南港區
658,公立,南港區,臺北市南港區舊莊國民小學附設幼兒園,(02)27821418#180,臺北市南港區舊莊街1段100號,174,21588.0,121.617888,25.042701,locality.63630055,南港區
659,準公共,信義區,臺北市政府附設臺北市私立市政大樓員工子女幼兒園,(02)27208889#3430,臺北市信義區市府路1號南區2樓,120,,121.564008,25.037528,locality.63605479,信義區
660,非營利,南港區,臺北市胡適非營利幼兒園（委託社團法人中華音樂舞蹈暨表演藝術教育協會辦理）,(02)26513362,臺北市南港區舊莊街一段1號1樓,90,0.0,121.617888,25.042701,locality.63630055,南港區
661,非營利,大同區,臺北市重慶非營利幼兒園（委託財團法人彭婉如文教基金會辦理）,(02)25918330,臺北市大同區大龍街187巷1號1,84,0.0,121.516857,25.06953,locality.63646439,大同區
662,非營利,士林區,臺北市泰北非營利幼兒園(委託財團法人三之三生命教育基金會辦理),(02)28828633,臺北市士林區福林路240號,106,0.0,121.534708,25.097069,locality.63638247,士林區
663,非營利,中山區,臺北市國防部大直非營利幼兒園（委託財團法人實踐大學辦理）,(02)25320398,臺北市中山區崇實路127號,212,0.0,121.544492,25.083375,locality.63589095,中山區
664,非營利,內湖區,臺北市康寧非營利幼兒園（委託財團法人幼兒教育基金會辦理）,(02)26319818,臺北市內湖區康寧路三段189巷93弄18號1樓,76,0.0,121.6114872,25.073332,locality.63613671,內湖區
665,非營利,大安區,臺北市族中非營利幼兒園（委託社團法人台北市教保人員協會辦理）,(02)27365861,臺北市大安區羅斯福路4段113巷13號,106,0.0,121.524959,25.023847,locality.63654631,大安區
666,非營利,文山區,臺北市景美非營利幼兒園（委託財團法人台北基督教女青年會辦理）,(02)29304824,臺北市文山區興隆路二段160-1號1樓及2樓,213,0.0,121.548993702494,25.0000756,locality.63662823,文山區
667,非營利,文山區,臺北市景新非營利幼兒園(委託社團法人台北市兒童托育協會辦理),(02)29328566,臺北市文山區景後街151號2樓,120,0.0,121.542082,24.989977,locality.63662823,文山區
668,非營利,南港區,臺北市港福非營利幼兒園(委託中華學校財團法人辦理),(02)26543767,臺北市南港區福德街373巷43號1樓,136,0.0,121.591282,25.0393653,locality.63630055,南港區
669,非營利,士林區,臺北市新三玉非營利幼兒園(委託財團法人毛毛蟲兒童哲學基金會辦理),(02)28742988,臺北市士林區天母東路116號,106,0.0,121.537147,25.117121,locality.63638247,士林區
670,非營利,大安區,臺北市新安非營利幼兒園（委託社團法人台灣幼兒早期教育協會辦理）,(02)27360227,臺北市大安區臥龍街129號,106,0.0,121.550046,25.019959,locality.63654631,大安區
671,非營利,內湖區,臺北市新東湖非營利幼兒園(委託社團法人台北市幼兒園協會辦理),(02)26327828,臺北市內湖區康樂街110巷16弄22號1.2樓,150,0.0,121.618459,25.07006,locality.63613671,內湖區
672,公立,萬華區,臺北市萬華區大理國民小學附設幼兒園,(02)23022011#11,臺北市萬華區艋舺大道389號,136,21588.0,121.493072,25.031884,locality.63679207,萬華區
673,公立,萬華區,臺北市萬華區老松國民小學附設幼兒園,(02)23069908,臺北市萬華區桂林路64號,136,21588.0,121.502679,25.037517,locality.63679207,萬華區
674,公立,萬華區,臺北市萬華區西門國民小學附設幼兒園,(02)23753272#2103,臺北市萬華區成都路98號,166,21588.0,121.503377,25.042773,locality.63679207,萬華區
675,公立,萬華區,臺北市萬華區西園國民小學附設幼兒園,(02)23030257#513,臺北市萬華區東園街73巷65號,136,21588.0,121.498891,25.026971,locality.63679207,萬華區
676,公立,萬華區,臺北市萬華區東園國民小學附設幼兒園,(02)23034803#1801,臺北市萬華區東園街195號,106,21588.0,121.498302,25.023353,locality.63679207,萬華區
677,公立,萬華區,臺北市萬華區華江國民小學附設幼兒園,(02)23064352#800,臺北市萬華區環河南路2段250巷42弄2號,120,21588.0,121.504403,25.047169,locality.63679207,萬華區
678,公立,萬華區,臺北市萬華區新和國民小學附設幼兒園,(02)23038298#58,臺北市萬華區西藏路125巷31號,120,21588.0,121.502848,25.026156,locality.63679207,萬華區
679,公立,萬華區,臺北市萬華區萬大國民小學附設幼兒園,(02)23037654#711,臺北市萬華區萬大路346號,90,21588.0,121.499271,25.023455,locality.63679207,萬華區
680,公立,萬華區,臺北市萬華區福星國民小學附設幼兒園,(02)23144668#172,臺北市萬華區中華路一段66號,150,21588.0,121.508143,25.046833,locality.63679207,萬華區
681,公立,萬華區,臺北市萬華區龍山國民小學附設幼兒園,(02)23082977#771,臺北市萬華區和平西路3段235號,114,21588.0,121.4974795,25.0351993,locality.63679207,萬華區
682,公立,萬華區,臺北市萬華區雙園國民小學附設幼兒園,(02)23083511,臺北市萬華區莒光路315號,106,21588.0,121.498276,25.030461,locality.63679207,萬華區
683,非營利,松山區,臺北市經國三民非營利幼兒園（委託財團法人經國管理暨健康學院辦理）,(02)27564213,臺北市松山區民生東路5段163-1號2樓,210,0.0,121.555738,25.058267,locality.63671015,松山區
684,非營利,士林區,臺北市葫蘆非營利幼兒園（委託社團法人台灣公共托育協會辦理）,(02)28151220,臺北市士林區延平北路5段136巷1號1.2樓,150,0.0,121.5029237,25.0893065,locality.63638247,士林區
685,非營利,文山區,臺北市樟新非營利幼兒園（委託社團法人台北市兒童托育協會辦理）,(02)86612696#7,臺北市文山區一壽街22號1樓及2樓,274,0.0,121.556424,24.97963,locality.63662823,文山區
686,非營利,文山區,臺北市興福非營利幼兒園（委託財團法人三之三生命教育基金會辦理）,(02)29306640,臺北市文山區福興路80號,106,0.0,121.550264,25.005168,locality.63662823,文山區
687,非營利,中山區,臺北市濱江非營利幼兒園（委託社團法人台北市教保人員協會辦理）,(02)85026191,臺北市中山區樂群二路262號,106,0.0,121.560982,25.078909,locality.63589095,中山區
688,非營利,萬華區,臺北市雙中非營利幼兒園（委託財團法人台北市中華基督教青年會辦理）,(02)2336-3258,臺北市萬華區興義街2號,136,0.0,121.491927,25.027563,locality.63679207,萬華區
689,非營利,大安區,臺北市懷中非營利幼兒園（委託財團法人海棠文教基金會辦理）,(02)27114688,臺北市大安區忠孝東路3段248巷30號,258,0.0,121.543838,25.041556,locality.63654631,大安區
690,私立,內湖區,臺北市璽典職場互助教保服務中心,(02)27948812,臺北市內湖區石潭路65號2樓,31,152500.0,121.58619,25.062565,locality.63613671,內湖區
691,私立,北投區,臺北榮民總醫院附設臺北市私立榮光幼兒園,(02)28757465,臺北市北投區石牌路二段201號1樓至3樓,99,55010.0,121.519725,25.121014,locality.63621863,北投區
692,準公共,中正區,臺灣高等法院附設臺北市私立員工子女幼兒園,(02)23319976,臺北市中正區重慶南路一段136巷4號1樓,60,59460.0,121.511937,25.036114,locality.63597287,中正區
693,私立,文山區,靜心學校財團法人臺北市私立靜心高級中等學校附設幼兒園,(02)29323118#192,臺北市文山區興隆路二段46號,410,68950.0,121.546843,24.998482,locality.63662823,文山區
