編號,鄉鎮,幼兒園名稱,幼兒園電話,幼兒園住址,核定總招收人數
1,松山區,臺北市私立三民幼兒園,(02)27651882,[105]臺北市松山區東榮里9鄰民生東路五段69巷2弄37.39.41號1樓,180
2,松山區,臺北市私立資幼幼兒園,(02)27674365,[105]臺北市松山區東榮里13鄰富錦街372號1樓,34
3,松山區,臺北市私立童欣幼兒園,(02)27662965,[105]臺北市松山區東榮里13鄰富錦街396號、398號1樓,60
4,松山區,臺北市私立哈寶寶幼兒園,(02)37653868,[105]臺北市松山區東榮里26鄰民生東路五段69巷2弄13號及15號1樓,40
5,松山區,臺北市私立天喜幼兒園,(02)27672567,[105]臺北市松山區新益里1鄰民權東路五段102號1、2樓、民權東路五段104巷2號1、2樓,70
6,松山區,臺北市私立民權幼兒園,(02)27131092,[105]臺北市松山區新益里5鄰富錦街562巷13號1樓,83
7,松山區,臺北市私立正欣幼兒園,(02)27639957,[105]臺北市松山區介壽里11鄰光復北路165巷5號、7號1樓,120
8,松山區,臺北市私立民族幼兒園,(02)27612638,[105]臺北市松山區介壽里3鄰新中街4巷6、8號1樓,60
9,松山區,臺北市私立正欣?蒙幼兒園,(02)27639957,[105]臺北市松山區介壽里11鄰光復北路165巷3號1樓,27
10,松山區,臺北市私立嘉勝幼兒園,(02)27648859,[105]臺北市松山區東光里22鄰三民路9-17、9-18、9-19、9-20號1樓,30
11,松山區,臺北市私立嘉維幼兒園,(02)27648859,[105]臺北市松山區東光里22鄰三民路9-21、9-22、9-23、9-24號1樓,32
12,松山區,財團法人臺北市私立立德幼兒園,(02)27670043,[105]臺北市松山區東光里26鄰南京東路5段123巷8弄47號1樓,210
13,松山區,臺北市私立友友幼兒園,(02)27568845,[105]臺北市松山區東光里11鄰南京東路五段23巷6弄9號及11號1樓,50
14,松山區,臺北市私立純青幼兒園,(02)27171217,[105]臺北市松山區龍田里36鄰光復北路190巷35號1樓,95
15,松山區,臺北市私立寶仁幼兒園,(02)27150971,[105]臺北市松山區龍田里32鄰光復北路230巷1號1樓,55
16,松山區,臺北市私立小親親幼兒園,(02)27131492,[105]臺北市松山區東昌里12鄰民生東路4段80巷15弄3號1樓,30
17,松山區,財團法人福智文教基金會附設臺北市私立妙慧幼兒園,(02)25451307,[105]臺北市松山區東勢里1鄰南京東路4段133巷5弄25號1至2樓,40
18,松山區,財團法人福智文教基金會附設臺北市私立妙行幼兒園,(02)25451351,[105]臺北市松山區東勢里1鄰南京東路4段133巷5弄23號1樓,34
19,松山區,臺北市私立優寶幼兒園,(02)27131091,[105]臺北市松山區東勢里5鄰南京東路四段133巷6弄2號1、2樓,120
20,松山區,臺北市私立小敦園幼兒園,(02)25459211,[105]臺北市松山區中華里8鄰敦化北路145巷55號1樓,19
21,松山區,臺北市私立賀瑞幼兒園,(02)27127575,[105]臺北市松山區中華里14鄰南京東路四段53巷11弄1號及3號1樓,64
22,松山區,臺北市私立耕心幼兒園,(02)25463743,[105]臺北市松山區中華里13鄰南京東路四段53巷11弄2號1樓至2樓,40
23,松山區,臺北市私立勁寶兒民權幼兒園,(02)27199719,[105]臺北市松山區民有里6鄰民權東路三段106巷21弄12號1樓,36
24,松山區,臺北市私立維多利亞幼兒園,(02)27183809,[105]臺北市松山區民有里20鄰民權東路3段160巷19弄17號1樓,120
25,松山區,臺北市私立宜家民權蒙特梭利幼兒園,(02)25472626,[105]臺北市松山區民有里28鄰民權東路3段140巷4號1樓,58
26,松山區,財團法人臺灣省臺南市天主教鮑思高慈幼會附設臺北市私立思高幼兒園,(02)27135473,[105]臺北市松山區民有里2鄰民生東路三段125號1樓,180
27,松山區,臺北市私立聖如幼兒園,(02)27180033,[105]臺北市松山區民有里10鄰復興北路361巷26號1樓,34
28,松山區,臺北市私立聖儒幼兒園,(02)27173888,[105]臺北市松山區民有里10鄰復興北路361巷24號1樓,33
29,松山區,臺北市私立健寶兒幼兒園,(02)27123455,[105]臺北市松山區民有里13鄰敦化北路222巷11之1、13號1樓,48
30,松山區,臺北市私立喜樂幼兒園,(02)27622872,[105]臺北市松山區安平里9鄰健康路290之1號1樓,40
31,松山區,臺北市私立親子坊幼兒園,(02)27612798,[105]臺北市松山區鵬程里9鄰健康路325巷16號1樓,25
32,松山區,臺北市私立松迪幼兒園,(02)27615555,[105]臺北市松山區新聚里17鄰東興路2巷10號1樓,21
33,松山區,臺北市私立豐村幼兒園,(02)27619160,[105]臺北市松山區復盛里17鄰八德路四段106巷2弄4號1樓,29
34,松山區,臺北市立敦化國民中學教師會附設臺北市私立員工子女幼兒園,(02)87717890#317,[105]臺北市松山區中正里11鄰南京東路3段300號2樓,32
35,松山區,臺北市私立光華幼兒園,(02)27154555,[105]臺北市松山區中正里16鄰慶城街16巷3、5號1樓,150
36,松山區,臺北市私立小慶園幼兒園,(02)27190521,[105]臺北市松山區中正里27鄰慶城街16巷9-1號1樓,30
37,松山區,臺北市私立圓圓幼兒園,(02)27121692,[105]臺北市松山區中正里27鄰慶城街20號1樓,240
38,松山區,臺北市私立格爾幼兒園,(02)87738855,[105]臺北市松山區中崙里7鄰八德路二段402號1至2樓,82
39,松山區,臺北市私立德馨幼兒園,(02)25700768,[105]臺北市松山區敦化里7鄰八德路三段12巷20弄18號1樓,23
40,松山區,臺北市私立卡兒堡幼兒園,(02)25784555,[105]臺北市松山區敦化里26鄰八德路三段12巷57弄39.41號1樓,34
41,松山區,臺北市私立育華幼兒園,(02)25706450,[105]臺北市松山區敦化里16鄰八德路3段12巷51弄44之2號1樓,30
42,松山區,臺北市私立馨兒園幼兒園,(02)25775928,[105]臺北市松山區敦化里10鄰八德路三段12巷60號1樓.三段12巷62弄2號1樓,40
43,松山區,臺北市私立郁欣幼兒園,(02)25787470,[105]臺北市松山區復源里3鄰八德路三段106巷70號,60
44,松山區,臺北市私立多多優質幼兒園,(02)25791370,"[105]臺北市松山區復建里8鄰光復南路46巷25.27,29號1樓",75
45,松山區,臺北市私立凱思寶幼兒園,(02)25791349,[105]臺北市松山區復勢里19鄰光復北路100巷8號3樓,25
46,松山區,臺北市私立凱思幼兒園,(02)25791350,[105]臺北市松山區復勢里19鄰光復北路100巷8號2樓,31
47,松山區,臺北市私立育達高級商業家事職業學校附設臺北市私立點點幼兒園,(02)25789177,[105]臺北市松山區復勢里10鄰南京東路四段120巷31號1樓,210
48,松山區,臺北市私立青林幼兒園,(02)27314531,[105]臺北市松山區福成里3鄰敦化南路一段80巷20號1樓,26
49,信義區,臺北市政府附設臺北市私立市政大樓員工子女幼兒園,(02)27208889#3430,[110]臺北市信義區西村里8鄰市府路1號南區2樓,120
50,信義區,臺北市私立寶兒寶幼兒園,(02)23458112,[110]臺北市信義區正和里14鄰光復南路419巷17號1樓,60
51,信義區,臺北市私立逸仙幼兒園,(02)27224144,[110]臺北市信義區興隆里13鄰逸仙路42巷6號1樓,38
52,信義區,臺北市私立上群蒙特梭利忠孝幼兒園,(02)27691208,[110]臺北市信義區興雅里24鄰忠孝東路5段207號1、2樓,60
53,信義區,臺北市私立君格幼兒園,(02)27614112,[110]臺北市信義區敦厚里4鄰松隆路9巷21、23號1樓,60
54,信義區,臺北市私立聖幼幼兒園,(02)27599391,[110]臺北市信義區安康里18鄰虎林街232巷54號1樓,30
55,信義區,臺北市私立信義蒙特梭利幼兒園,(02)27251155,[110]臺北市信義區安康里6鄰忠孝東路五段236巷45弄9號1、2樓及9之1號2樓,99
56,信義區,臺北市私立慧光幼兒園,(02)27279422,[110]臺北市信義區安康里18鄰虎林街232巷66弄1號1樓及232巷68、72、74、76號1樓,120
57,信義區,臺北市私立培諾米達信義幼兒園,(02)27266099,[110]臺北市信義區安康里20鄰松德路161之4號1樓及161號2樓,56
58,信義區,財團法人台北市中華基督教青年會附設臺北市私立永吉幼兒園,(02)2763-1261,[110]臺北市信義區永吉里1鄰永吉路500號,90
59,信義區,臺北市私立國泰幼兒園,(02)27617760,[110]臺北市信義區長春里5鄰永吉路278巷57弄16號1樓,60
60,信義區,臺北市私立全心幼兒園,(02)27660046,[110]臺北市信義區四育里11鄰虎林街40巷30號1樓,28
61,信義區,臺北市私立宗周幼兒園,(02)87852293,[110]臺北市信義區永春里9鄰松山路393巷32號1樓及忠孝東路五段621巷4號1樓,40
62,信義區,臺北市私立傑生幼兒園,(02)27480759,[110]臺北市信義區富台里7鄰忠孝東路五段295巷6弄21.23.25號1樓,40
63,信義區,財團法人中華文化社會福利事業基金會台北兒童福利中心附設臺北市私立實驗幼兒園,(02)27679264#501,[110]臺北市信義區富台里14鄰虎林街120巷270號1、 2樓，忠孝東路五段295巷8號1、2樓、275巷15號1、2、3樓,930
64,信義區,臺北市私立上群蒙特梭利信義幼兒園,(02)27693636,[110]臺北市信義區富台里14鄰忠孝東路5段217號,75
65,信義區,臺北市私立子畝蒙特梭利幼兒園,(02)27592360,[110]臺北市信義區松光里10鄰忠孝東路5段558號2樓,39
66,信義區,臺北市私立喬伊幼兒園,(02)23460084,[110]臺北市信義區松光里12鄰忠孝東路五段524巷3弄27號1樓,28
67,信義區,臺北市私立佑保幼兒園,(02)27594855,[110]臺北市信義區松光里1鄰忠孝東路五段490號1.2樓,30
68,信義區,臺北市私立友愛幼兒園,(02)27285918,[110]臺北市信義區松光里13鄰忠孝東路5段524巷5弄23號1樓,40
69,信義區,臺北市私立清心幼兒園,(02)27261705,[110]臺北市信義區中坡里1鄰福德街137巷4.5號1樓,40
70,信義區,臺北市私立達德幼兒園,(02)27295967,[110]臺北市信義區三張里9鄰莊敬路423巷2弄4號及6號1樓,36
71,信義區,臺北市私立吳興幼兒園,(02)27253008,[110]臺北市信義區三犁里4鄰松仁路253巷3弄8號1樓,19
72,信義區,臺北市私立六三幼兒園,(02)23454058,[110]臺北市信義區三犁里7鄰信義路5段150巷351號1樓,90
73,信義區,臺北市私立天主教三德幼兒園,(02)27221062#11,[110]臺北市信義區六合里5鄰松仁路228巷15號1樓至2樓,150
74,信義區,臺北市私立天琪幼兒園,(02)27233079,[110]臺北市信義區泰和里28鄰吳興街600巷83弄16、18號1樓,90
75,信義區,臺北市私立何嘉仁信安寶貝幼兒園,(02)27369666,[110]臺北市信義區黎平里11鄰信安街200號2樓,28
76,信義區,臺北市私立微笑幼兒園,(02)87323560,[110]臺北市信義區黎平里23鄰和平東路3段341巷12號1、2樓,35
77,信義區,臺北市私立甲子園幼兒園,(02)27358636,[110]臺北市信義區黎平里12鄰信安街161號1樓至2樓,38
78,大安區,臺北市私立磊心信義幼兒園,(02)27014947,[106]臺北市大安區德安里4鄰四維路76巷17號1樓,28
79,大安區,臺北市私立磊心蒙特梭利幼兒園,(02)27014947,[106]臺北市大安區德安里4鄰信義路四段99巷30.32號1樓,40
80,大安區,臺北市私立娃娃家蒙特梭利幼兒園,(02)27009515,[106]臺北市大安區仁慈里1鄰信義路四段61號1樓,58
81,大安區,臺北市私立蔚景幼兒園,(02)27042496,"[106]臺北市大安區仁慈里5鄰復興南路1段313巷6號1,2樓",48
82,大安區,臺北市私立仁愛幼兒園,(02)27093131,[106]臺北市大安區和安里11鄰信義路三段147巷15弄27號1樓,34
83,大安區,臺北市私立陽光寶貝幼兒園,(02)27038699,[106]臺北市大安區民炤里2鄰新生南路1段133巷9號1、2樓,90
84,大安區,臺北市私立格登幼兒園,(02)27548168,[106]臺北市大安區民炤里1鄰仁愛路三段26之1號1樓、26之2號1樓及26號2樓之1,64
85,大安區,臺北市私立蒙特梭利愛兒園幼兒園,(02)27054343,[106]臺北市大安區民炤里9鄰新生南路一段161巷4之9號1樓,32
86,大安區,臺北市私立享銘幼兒園,(02)27546816,[106]臺北市大安區民炤里14鄰信義路三段31巷11號1樓,31
87,大安區,臺北市私立國際蒙特梭利大安森林幼兒園,(02)27846537,[106]臺北市大安區民炤里5鄰新生南路1段143巷20、22號1樓,42
88,大安區,臺北市私立上群蒙特梭利幼兒園,(02)87719739,[106]臺北市大安區義村里20鄰仁愛路3段123巷5號及3弄1號1樓,50
89,大安區,財團法人臺北市私立蒙特梭利幼兒園,(02)27529503#20,[106]臺北市大安區民輝里14鄰新生南路1段103巷27號1樓、2樓,150
90,大安區,財團法人台北市中華基督教衛理公會衛理堂附設台北市私立衛理幼兒園,(02)27713679,[106]臺北市大安區民輝里2鄰新生南路一段113號1樓、117號1樓,195
91,大安區,臺北市私立菁英幼兒園,(02)27718292,[106]臺北市大安區民輝里3鄰新生南路一段119巷15號1樓,30
92,大安區,臺北市私立桔子蒙特梭利幼兒園,(02)27790069,[106]臺北市大安區民輝里6鄰仁愛路三段51巷8號1樓,26
93,大安區,臺北市私立丘山幼兒園,(02)27711031,[106]臺北市大安區民輝里16鄰忠孝東路三段10巷8號1樓,25
94,大安區,臺北市私立菁英種子幼兒園,(02)27315785,[106]臺北市大安區民輝里10鄰濟南路3段11號1樓,26
95,大安區,臺北市私立敦歆幼兒園,(02)27761626,[106]臺北市大安區昌隆里1鄰忠孝東路三段217巷2弄8號1樓,38
96,大安區,臺北市私立奇幻幼兒園,(02)27401155,[106]臺北市大安區昌隆里8鄰忠孝東路三段217巷1弄7號1樓,38
97,大安區,臺北市私立勁寶兒幼兒園,(02)27111077,[106]臺北市大安區誠安里17鄰復興南路一段92之8號1樓及76號2樓之3,51
98,大安區,臺北市私立上學趣蒙特梭利幼兒園,(02)87739963,[106]臺北市大安區誠安里5鄰忠孝東路3段251巷9弄 8、10號1樓,30
99,大安區,臺北市私立仁和幼兒園,(02)27111787,[106]臺北市大安區誠安里5鄰忠孝東路三段251巷9弄8號,60
100,大安區,臺北市私立邦尼幼兒園,(02)23685253,[106]臺北市大安區龍坡里11鄰和平東路一段248巷18號1樓及雲和街111號1樓,28
101,大安區,臺北市私立心聲幼兒園,(02)23634169,[106]臺北市大安區龍坡里5鄰新生南路三段22巷14號1樓,25
102,大安區,新民學校財團法人附設臺北市私立幼兒園,(02)23630450#600,[106]臺北市大安區龍坡里22鄰辛亥路一段113號1樓,90
103,大安區,臺北市私立巧可麗國際幼兒園,(02)33653322,[106]臺北市大安區龍坡里21鄰泰順街45號2樓,114
104,大安區,臺北市私立寶血幼兒園,(02)23631896,[106]臺北市大安區古風里9鄰泰順街60巷18弄8號1樓、2樓及13號1樓,210
105,大安區,臺北市私立及愛菁英幼兒園,(02)23683686,[106]臺北市大安區古風里14鄰辛亥路一段79號2樓之1,20
106,大安區,臺北市私立家森幼兒園,(02)23643218,[106]臺北市大安區古莊里3鄰羅斯福路二段101巷19號1樓,28
107,大安區,臺北市私立大成幼兒園,(02)23697443,[106]臺北市大安區古莊里14鄰雲和街8號1樓,28
108,大安區,臺北市私立愛英幼兒園,(02)23219844,[106]臺北市大安區錦安里2鄰金山南路二段159巷3號,60
109,大安區,臺北市私立新生寶貝幼兒園,(02)23959817,[106]臺北市大安區福住里4鄰信義路2段230號2樓,220
110,大安區,有限責任臺北市立金華國民中學員生消費合作社附設臺北市私立員工子女幼兒園,(02)33931799#591,[106]臺北市大安區福住里1鄰新生南路二段32號1樓(南新樓1樓),40
111,大安區,臺北市私立梓園幼兒園,(02)23570414,[106]臺北市大安區福住里4鄰信義路二段228巷9號1樓,28
112,大安區,臺北市私立心藝術幼兒園,(02)33222123,[106]臺北市大安區永康里2鄰永康街14巷8號1樓,33
113,大安區,臺北市私立伊帝馬幼兒園,(02)23966726,[106]臺北市大安區永康里6鄰金山南路二段13巷17號1樓,30
114,大安區,臺北市私立華康幼兒園,(02)23914431,[106]臺北市大安區永康里1鄰金華街223之5號2樓及223之9號2樓,31
115,大安區,財團法人臺北市私立金甌女子高級中學附設臺北市私立幼兒園,(02)33931683,[106]臺北市大安區光明里9鄰杭州南路二段1號1樓,90
116,大安區,臺北市私立小天心幼兒園,(02)23568960,[106]臺北市大安區錦泰里11鄰潮州街57號1樓,25
117,大安區,財團法人中華民國郵政職工福利委員會附設臺北市私立員工子女幼兒園,(02)23931261#3516,[106]臺北市大安區錦泰里4鄰愛國東路210巷9號2樓,111
118,大安區,臺北市私立亞瑟王皇家幼兒園,(02)23584018,[106]臺北市大安區錦華里1鄰潮州街108號2樓,22
119,大安區,臺北市私立三暉幼兒園,(02)23225491,[106]臺北市大安區錦華里18鄰和平東路一段91號2樓及2樓之1、2樓之2,99
120,大安區,臺北市私立貓熊幼兒園,(02)27048016#22,[106]臺北市大安區龍圖里6鄰建國南路二段79巷33號1樓及69巷26號1樓、2樓、2樓之1及28號2樓,180
121,大安區,臺北市私立橘子樹幼兒園,(02)27087011,[106]臺北市大安區新龍里1鄰瑞安街208巷2號及4號1樓,40
122,大安區,臺北市私立經緯幼兒園,(02)27045180,[106]臺北市大安區龍陣里11鄰復興南路二段160巷16號1樓,31
123,大安區,社團法人台北市兒童托育協會附設臺北市私立安東幼兒園,(02)27067642,[106]臺北市大安區龍陣里13鄰瑞安街75號2樓,182
124,大安區,臺北市私立陽光小屋幼兒園,(02)27070728,[106]臺北市大安區龍陣里1鄰瑞安街208巷14弄24號1樓,30
125,大安區,臺北市私立爾雅幼兒園,(02)27022953,[106]臺北市大安區龍雲里14鄰大安路二段160巷20號1樓,24
126,大安區,臺北市私立英羽幼兒園,(02)27096006,[106]臺北市大安區龍雲里5鄰復興南路二段111巷17弄7號1樓,23
127,大安區,臺北市私立弘人幼兒園,(02)27047899,[106]臺北市大安區龍雲里17鄰四維路170巷3號1至2樓、5號1至2樓,68
128,大安區,財團法人中國文化大學附設臺北市私立文化幼兒園,(02)27085583,[106]臺北市大安區龍生里16鄰瑞安街256巷18號及20號1樓,41
129,大安區,臺北市私立人安幼兒園,(02)27041113,[106]臺北市大安區住安里15鄰四維路154巷19號1樓,24
130,大安區,財團法人臺北市私立立人國際國民中小學附設臺北市私立幼兒園,(02)27361388#518,[106]臺北市大安區通安里20鄰安和路二段99號,240
131,大安區,臺北市私立樹屋幼兒園,(02)23782200#28,[106]臺北市大安區通安里18鄰樂利路11巷19號1樓,30
132,大安區,臺北市私立惠真幼兒園,(02)27383431,[106]臺北市大安區臨江里14鄰通化街143巷31號1樓至2樓,120
133,大安區,財團法人天主教會台北教區附設臺北市私立信光幼兒園,(02)27386770,[106]臺北市大安區法治里9鄰通化街178號1、2、3樓,210
134,大安區,臺北市私立巧而園幼兒園,(02)27362869,[106]臺北市大安區法治里7鄰樂利路45巷6號第1、2層,52
135,大安區,臺北市私立格林菲爾幼兒園,(02)87329191,[106]臺北市大安區全安里16鄰安和路二段181巷2、4、6號1樓及4號2樓之1、2樓之2與189巷5號1樓,132
136,大安區,臺北市私立蔚思幼兒園,(02)27350269,[106]臺北市大安區全安里8鄰安和路二段217巷22、24、26號1、2樓,40
137,大安區,臺北市私立華菂幼兒園,(02)27350267,[106]臺北市大安區全安里8鄰安和路二段217巷30、32號1樓,90
138,大安區,臺北市私立卡朵蒙特梭利幼兒園,(02)27084028,[106]臺北市大安區群賢里17鄰四維路192巷12號1樓,30
139,大安區,臺北市私立四維幼兒園,(02)27073718,[106]臺北市大安區群賢里13鄰和平東路三段1巷25號,120
140,大安區,臺北市私立大瑪幼兒園,(02)27070126,[106]臺北市大安區群賢里4鄰和平東路二段265巷44號1樓,18
141,大安區,臺北市私立長青幼兒園,(02)27327056,[106]臺北市大安區虎嘯里12鄰基隆路二段232號2樓,65
142,大安區,臺北市私立信望愛幼兒園,(02)27330444,[106]臺北市大安區虎嘯里2鄰敦化南路二段172巷3號1樓,30
143,大安區,臺北市私立長青蒙特梭利幼兒園,(02)27327056,[106]臺北市大安區虎嘯里12鄰基隆路二段232號3樓,65
144,大安區,臺北市私立吉事達康博喜幼兒園,(02)27381616,[106]臺北市大安區虎嘯里6鄰臥龍街43巷5號1樓及7號1樓,40
145,大安區,財團法人台灣聖公會附設臺北市私立聖約翰幼兒園,(02)27327334,[106]臺北市大安區龍淵里1鄰復興南路二段280號,90
146,大安區,財團法人台北市基督教浸信會懷恩堂附設臺北市私立懷恩幼兒園,(02)23636593,[106]臺北市大安區大學里4鄰新生南路3段90號1樓,150
147,大安區,臺北市私立三愛幼兒園,(02)23680388,[106]臺北市大安區大學里6鄰溫州街48巷15號1樓,30
148,大安區,臺北市私立上愛幼兒園,(02)23629886,[106]臺北市大安區大學里7鄰溫州街52巷14號1樓,23
149,大安區,臺北市私立童馨幼兒園,(02)27320003,[106]臺北市大安區黎元里1鄰樂業街182號2樓及184號2樓,50
150,大安區,臺北市私立育樂幼兒園,(02)27355304,[106]臺北市大安區黎孝里17鄰和平東路三段308巷40、42號1樓,90
151,大安區,臺北市私立佳安幼兒園,(02)27332971,[106]臺北市大安區黎孝里7鄰樂業街131、133號1樓,60
152,大安區,臺北市私立熱帶魚幼兒園,(02)27526136,[106]臺北市大安區建倫里3鄰忠孝東路四段170巷24號1樓,40
153,大安區,臺北市私立信宜幼兒園,(02)27099157,[106]臺北市大安區敦安里9鄰安和路一段102巷17號1樓,35
154,大安區,臺北市私立真心蒙特梭利幼兒園,(02)27050319,[106]臺北市大安區敦安里11鄰安和路1段112巷20號1樓,28
155,大安區,財團法人臺北市私立復興實驗高級中學附設臺北市私立幼兒園,(02)27715859#411,[106]臺北市大安區敦安里19鄰敦化南路一段262號1樓,300
156,大安區,臺北市私立安和寶貝幼兒園,(02)27029668,[106]臺北市大安區敦安里5鄰安和路一段78巷1、1之1號及1號共用部分,38
157,大安區,臺北市私立童年空間幼兒園,(02)27840326#14,[106]臺北市大安區敦煌里4鄰信義路四段265巷20弄18號1樓,24
158,大安區,臺北市私立幼苗幼兒園,(02)27000178,[106]臺北市大安區敦煌里13鄰安和路一段127巷13號、15、19號1樓,66
159,大安區,臺北市私立禾心蒙特梭利幼兒園,(02)27014947,[106]臺北市大安區敦煌里11鄰安和路一段135巷16號1樓,25
160,大安區,臺北市私立滿兒圓幼兒園,(02)27543381,[106]臺北市大安區敦煌里19鄰仁愛路四段300巷20弄15號1樓,38
161,大安區,臺北市私立嘟嘟幼兒園,(02)27218791,[106]臺北市大安區華聲里1鄰光復南路96巷2之1號1樓及98之6號1樓,40
162,大安區,臺北市私立親親幼兒園,(02)27753636,[106]臺北市大安區華聲里15鄰延吉街109號2樓,27
163,大安區,臺北市私立巧琪幼兒園,(02)27068376,[106]臺北市大安區光信里29鄰信義路四段265巷31弄26號1樓,28
164,大安區,臺北市私立何嘉仁延吉幼兒園,(02)27086092,[106]臺北市大安區光信里27鄰延吉街250號2樓,333
165,大安區,財團法人天主教會台北教區附設臺北市私立曉星幼兒園,(02)27033211,[106]臺北市大安區光信里27鄰延吉街254號1樓,90
166,大安區,臺北市私立光目華德福幼兒園,(02)23253638,[106]臺北市大安區光信里15鄰延吉街241巷2弄11號1、2樓,90
167,大安區,臺北市私立予心屋幼兒園,(02)27056166,[106]臺北市大安區光信里13鄰光復南路420巷19號1樓,40
168,大安區,財團法人臺灣大學校園建設基金會附設臺北市私立幼兒園,(02)33664428,[106]臺北市大安區學府里17鄰基隆路四段144巷59弄12號1樓,120
169,中山區,臺北市私立日光貝比幼兒園,(02)25717858,[104]臺北市中山區集英里12鄰中山北路二段116巷9號2樓,150
170,中山區,實踐大學附設臺北市私立幼兒園,(02)25336078,[104]臺北市中山區大直里35鄰大直街70號1樓,20
171,中山區,臺北市私立山秀幼兒園,(02)85021798,[104]臺北市中山區成功里13鄰明水路606巷16號2樓及18號1至2樓,99
172,中山區,臺北市私立國際蒙特梭利幼兒園,(02)85021622,[104]臺北市中山區成功里14鄰樂群二路128號1樓,161
173,中山區,臺北市私立喬可幼兒園,(02)25329555,[104]臺北市中山區永安里34鄰北安路554巷19號,40
174,中山區,臺北市私立傑聲幼兒園,(02)25328550,[104]臺北市中山區永安里30鄰明水路397巷2弄10、12號1、2樓,98
175,中山區,臺北市私立河岸小百合蒙特梭利幼兒園,(02)25322766,[104]臺北市中山區永安里32鄰明水路397巷19弄18號1樓、18之2號1樓、20號1樓、18號2樓之1及18號2樓之2,68
176,中山區,臺北市私立大智幼兒園,(02)25320696,[104]臺北市中山區永安里28鄰明水路397巷7弄24號1樓,40
177,中山區,臺北市私立蒙特梭利花園幼兒園,(02)25329338,[104]臺北市中山區永安里28鄰明水路397巷7弄2號及2之1號1樓,40
178,中山區,臺北市私立新自立全人幼兒園,(02)25964546,[104]臺北市中山區新喜里11鄰德惠街150號2樓及152號1、2樓,75
179,中山區,臺北市私立新自立幼兒園,(02)25964546,[104]臺北市中山區新喜里11鄰吉林路407巷7號1樓,60
180,中山區,臺北市私立嘉霖幼兒園,(02)25927525,[104]臺北市中山區新福里5鄰民權東路2段107號2樓、3樓、3樓之1、2、3,220
181,中山區,臺北市私立道明幼兒園,(02)25942294#1061,[104]臺北市中山區新福里11鄰吉林路378號1、2樓,270
182,中山區,臺北市私立大愛幼兒園,(02)25023200,[104]臺北市中山區松江里11鄰松江路221巷15號1樓,31
183,中山區,臺北市私立正光幼兒園,(02)25223774,[104]臺北市中山區新生里2鄰松江路362巷13、15、17、19號1樓,38
184,中山區,臺北市私立新生幼兒園,(02)25414534,[104]臺北市中山區中庄里4鄰新生北路2段125號1、2樓,390
185,中山區,臺北市私立立興幼兒園,(02)25034564,[104]臺北市中山區行仁里10鄰龍江路342巷37號1樓及356巷48號1樓,240
186,中山區,臺北市私立小甜甜幼兒園,(02)25052178,[104]臺北市中山區行仁里1鄰五常街51號1樓,90
187,中山區,有限責任臺北市立五常國民中學員生消費合作社附設臺北市私立員工子女幼兒園,(02)25048846,[104]臺北市中山區下埤里3鄰復興北路430巷1號1樓,40
188,中山區,臺北市私立五常幼兒園,(02)25025750,[104]臺北市中山區下埤里7鄰龍江路377巷24號1樓,60
189,中山區,臺北市私立龍江幼兒園,(02)25097435,[104]臺北市中山區下埤里9鄰龍江路397巷12號1樓,20
190,中山區,臺北市私立喬幼國際幼兒園,(02)25181888,[104]臺北市中山區下埤里2鄰民權東路三段63、65、67號2樓至3樓,99
191,中山區,臺北市私立幼馨幼兒園,(02)25080977,[104]臺北市中山區江寧里5鄰合江街180巷19號1樓,19
192,中山區,臺北市私立友丞幼兒園,(02)25093438,[104]臺北市中山區江山里26鄰錦州街452號1、2樓,40
193,中山區,臺北市私立韋斯登幼兒園,(02)25081568,[104]臺北市中山區江山里11鄰合江街73巷33號1樓,24
194,中山區,臺北市私立宜家蒙特梭利幼兒園,(02)25023113,[104]臺北市中山區江山里20鄰龍江路271巷5號1樓,28
195,中山區,臺北市私立愛迪兒幼兒園,(02)25222745,[104]臺北市中山區中吉里16鄰松江路170巷17號2樓,33
196,中山區,臺北市私立松江蒙特梭利幼兒園,(02)25639885,[104]臺北市中山區中吉里1鄰松江路124巷21、23、25號,98
197,中山區,臺北市私立加楓國際蒙特梭利幼兒園,(02)25419969,[104]臺北市中山區中吉里19鄰松江路188巷9號及9之1號1樓,30
198,中山區,臺北市私立喬幼一江幼兒園,(02)25628898,[104]臺北市中山區中吉里2鄰一江街21號1樓及2樓,41
199,中山區,臺北市私立科見幼兒園,(02)25641420,[104]臺北市中山區興亞里16鄰松江路90巷9號2樓,75
200,中山區,臺北市私立笙愛幼兒園,(02)25818356,[104]臺北市中山區興亞里14鄰松江路78巷8號1樓至2樓,35
201,中山區,臺北市私立小伊園幼兒園,(02)25167861,[104]臺北市中山區中央里13鄰伊通街27之1號1樓,28
202,中山區,臺北市私立建國幼兒園,(02)25075564,[104]臺北市中山區中央里10鄰建國北路二段6巷1號1樓至4樓,90
203,中山區,臺北市私立荳荳園幼兒園,(02)27771300,[104]臺北市中山區力行里5鄰龍江路31號2樓,40
204,中山區,臺北市私立晨星蒙特梭利幼兒園,(02)25047216,[104]臺北市中山區復華里12鄰龍江路114巷6號1樓,32
205,中山區,臺北市私立蒙特梭利快樂園幼兒園,(02)25337952,[104]臺北市中山區金泰里3鄰樂群二路188、190號1樓,34
206,中山區,臺北市私立蒙特梭利欣兒園幼兒園,(02)85021515,[104]臺北市中山區金泰里14鄰堤頂大道2段342、344號1、2樓、1樓夾層,63
207,中山區,臺北市私立艾達幼兒園,(02)85011373,[104]臺北市中山區金泰里14鄰堤頂大道二段282、284、286號1樓、1樓夾層,69
208,中山區,臺北市私立蘊品幼兒園,(02)25322793,[104]臺北市中山區金泰里13鄰基湖路147號1樓,37
209,中正區,國防醫學院附設臺北市私立愛德幼兒園,(02)23686489,[100]臺北市中正區富水里11鄰汀州路3段24巷5弄12號1樓\39號1.2樓\41號1樓\43號1樓,108
210,中正區,財團法人台北市私立強恕高級中學附設臺北市私立幼兒園,(02)23680818,[100]臺北市中正區板溪里14鄰汀州路二段143號1樓,150
211,中正區,臺北市私立聯華幼兒園,(02)23078855,[100]臺北市中正區永昌里18鄰南海路110之1號1樓,90
212,中正區,臺北市私立寶貝幼兒園,(02)23053874,[100]臺北市中正區永昌里6鄰寧波西街181巷44號1、2樓,31
213,中正區,臺北市私立乖乖幼兒園,(02)23033807,[100]臺北市中正區永昌里18鄰南海路96之1及96之2號1至2樓,120
214,中正區,臺北市私立百家姓幼兒園,(02)23810932,[100]臺北市中正區愛國里10鄰延平南路248巷3號1樓及中華路二段75巷22號1樓,40
215,中正區,臺北市私立維格幼兒園,(02)23816101,[100]臺北市中正區南門里3鄰廣州街8巷13號1樓,17
216,中正區,臺北市私立南門幼兒園,(02)23910571,[100]臺北市中正區南福里15鄰重慶南路三段27巷4號1樓,35
217,中正區,臺北市私立智寶園幼兒園,(02)23560362,[100]臺北市中正區南福里2鄰羅斯福路2段50號2樓之1及2樓之2,39
218,中正區,財團法人信誼基金會附設臺北市私立實驗幼兒園,(02)23965305#1023,[100]臺北市中正區龍福里21鄰重慶南路二段75號2樓,64
219,中正區,財團法人中華基督教衛理公會附設臺北市私立城中衛理幼兒園,(02)23952273,[100]臺北市中正區新營里6鄰寧波東街9巷6號1樓,90
220,中正區,臺北市私立中正區清華幼兒園,(02)23118221,[100]臺北市中正區建國里2鄰貴陽街一段58號,180
221,中正區,法務部附設臺北市私立員工子女幼兒園,(02)23713445,[100]臺北市中正區建國里4鄰重慶南路1段136巷2號1樓,70
222,中正區,臺灣高等法院附設臺北市私立員工子女幼兒園,(02)23319976,[100]臺北市中正區建國里4鄰重慶南路一段136巷4號1樓,60
223,中正區,國立臺灣大學醫學院附設醫院附設臺北市私立員工子女幼兒園,(02)23123456#67384,[100]臺北市中正區黎明里4鄰常德街1號1樓,152
224,中正區,財團法人台北基督教女青年會附設臺北市私立幼兒園,(02)23816619,[100]臺北市中正區黎明里4鄰青島西路7號2樓,106
225,中正區,臺北市私立傑瑞富幼兒園,(02)5582-5168#0208,[100]臺北市中正區梅花里6鄰忠孝東路一段9號2樓,54
226,中正區,臺北市私立涵鈺新天地幼兒園,(02)23576386,[100]臺北市中正區幸福里3鄰林森南路12號3樓之1,30
227,中正區,臺北市私立蒙特梭利童圓幼兒園,(02)23957517,[100]臺北市中正區幸市里8鄰濟南路二段54-1號1至2樓,60
228,中正區,臺北市私立巨勝幼兒園,(02)23936965,[100]臺北市中正區文北里4鄰金山南路一段67巷8號1、2樓及8之1號1樓,68
229,中正區,臺北市私立家緣蒙特梭利幼兒園,(02)33222686,[100]臺北市中正區文祥里15鄰杭州南路1段131巷5號1樓,30
230,中正區,臺北市私立何嘉仁臨沂幼兒園,(02)23919678,[100]臺北市中正區三愛里28鄰臨沂街65巷1號1樓、2樓、3樓,181
231,大同區,財團法人陳德星堂附設臺北市私立德星幼兒園,(02)25567150#16,[103]臺北市大同區星明里7鄰寧夏路27號1樓,150
232,大同區,臺北市私立親兒園蒙特梭利幼兒園,(02)2559-0888,[103]臺北市大同區光能里9鄰承德路2段47號2樓及47號2樓之1,55
233,大同區,臺北市私立榮星幼兒園,(02)25536699,[103]臺北市大同區大有里15鄰歸綏街303巷9號1樓及2樓,180
234,大同區,財團法人天主教會台北教區附設臺北市私立聖心幼兒園,(02)25578119,[103]臺北市大同區雙連里27鄰民生西路245號1樓至3樓,330
235,大同區,臺北市私立水晶幼兒園,(02)25535198,[103]臺北市大同區南芳里10鄰延平北路二段272巷7號1樓,30
236,大同區,臺北市私立海桔斯幼兒園,(02)25532687,[103]臺北市大同區南芳里9鄰延平北路二段286、286之1、286之2、286之3、286之4號1樓,21
237,大同區,臺北市私立格爾登幼兒園,(02)25982833,[103]臺北市大同區蓬萊里5鄰承德路三段40號1樓,35
238,大同區,臺北市私立育學幼兒園,(02)25986967,[103]臺北市大同區揚雅里1鄰民族西路162巷3號1樓,30
239,大同區,財團法人王氏太原堂附設臺北市私立太原幼兒園,(02)25942628,[103]臺北市大同區鄰江里20鄰迪化街二段243巷2號1樓,210
240,大同區,臺北市私立博登幼兒園,(02)25871879,[103]臺北市大同區至聖里16鄰承德路三段208巷29號及33號1樓,79
241,大同區,臺北市私立甜甜屋幼兒園,(02)25960916,[103]臺北市大同區老師里8鄰重慶北路三段296巷4弄4號1樓,18
242,大同區,臺北市私立甜甜屋親子幼兒園,(02)25960916,[103]臺北市大同區老師里6鄰哈密街143之2號及143之3號1樓,20
243,大同區,臺北市私立功文雪泥幼兒園,(02)25948254,[103]臺北市大同區重慶里12鄰哈密街59巷79、81號1、2、3樓,60
244,大同區,臺北市私立功文成長幼兒園,(02)25946008,[103]臺北市大同區重慶里12鄰大同區哈密街59巷83號1-2樓,42
245,萬華區,臺北市私立聖保羅幼兒園,(02)23753690,[108]臺北市萬華區新起里22鄰長沙街2段52號1樓、2樓,35
246,萬華區,北部台灣基督長老教會艋舺教會附設臺北市私立愛心幼兒園,(02)23314921#11,[108]臺北市萬華區福音里2鄰貴陽街二段94號1樓,90
247,萬華區,財團法人天主教光仁文教基金會附設臺北市私立育仁幼兒園,(02)23040131,[108]臺北市萬華區雙園里8鄰興寧街70號,150
248,萬華區,臺北市私立娃娃果幼兒園,(02)23069008,[108]臺北市萬華區雙園里3鄰艋舺大道184號2樓及186號1、2樓,64
249,萬華區,臺北市私立青年幼兒園,(02)23370181,[108]臺北市萬華區新和里28鄰國興路90-7號1樓,26
250,萬華區,臺北市私立歡樂童年幼兒園,(02)23018609,[108]臺北市萬華區新和里25鄰中華路二段428之4號1樓,27
251,萬華區,臺北市私立小樹苗華頓幼兒園,(02)23375275,[108]臺北市萬華區新和里4鄰青年路30巷1號、30巷1之2號、30巷1之3號1樓,24
252,萬華區,臺北市私立幼佳幼兒園,(02)23026545,[108]臺北市萬華區和平里23鄰雙園街18巷12號、西藏路484號、484-1號、486號1樓,90
253,萬華區,臺北市私立大理幼兒園,(02)23044506,[108]臺北市萬華區和平里10鄰雙園街67巷3弄3、4、5、7號1樓,99
254,萬華區,臺北市私立雪拉比幼兒園,(02)23065715,[108]臺北市萬華區華江里11鄰環河南路二段250巷1號2樓、252號2樓及254號2樓,52
255,萬華區,臺北市私立英才幼兒園,(02)23072584,[108]臺北市萬華區日善里13鄰萬大路200號,90
256,萬華區,臺北市私立盈虹幼兒園,(02)23325452,[108]臺北市萬華區忠德里2鄰西園路二段207號2樓及2樓之1,33
257,萬華區,臺北市私立德昌幼兒園,(02)23395958,[108]臺北市萬華區忠德里13鄰德昌街166號2樓,25
258,萬華區,臺北市私立名人幼兒園,(02)23016998,[108]臺北市萬華區忠德里2鄰西園路2段227之1號2樓,29
259,萬華區,臺北市私立育光幼兒園,(02)23015139,[108]臺北市萬華區孝德里14鄰德昌街185巷68號、70號1樓,90
260,萬華區,臺北市私立慈愛幼兒園,(02)23078147,[108]臺北市萬華區孝德里4鄰寶興街140巷23號、27號1、2樓,60
261,萬華區,臺北市私立寧馨苑幼兒園,(02)23392488,[108]臺北市萬華區和德里1鄰西藏路239號1樓,34
262,萬華區,臺北市私立寶興幼兒園,(02)23375171,[108]臺北市萬華區銘德里3鄰寶興街228號1樓,54
263,萬華區,臺北市私立德明幼兒園,(02)23073007,[108]臺北市萬華區興德里5鄰萬大路449巷28弄3號1樓,90
264,萬華區,臺北市私立光仁國民小學附設幼兒園,(02)23032874#891,[108]臺北市萬華區興德里2鄰萬大路423巷28弄2號,360
265,萬華區,臺北市私立博愛幼兒園,(02)23072749,[108]臺北市萬華區華中里11鄰武成街28巷9弄2號,120
266,萬華區,臺北市私立何嘉仁中華幼兒園,(02)23094679,[108]臺北市萬華區騰雲里2鄰中華路二段666-12、666-13、668、670號1樓,92
267,文山區,臺北市私立立揚幼兒園,(02)29333238,[116]臺北市文山區景行里22鄰景興路258號1樓及夾層,39
268,文山區,財團法人台北市中華基督教景美浸信會附設臺北市私立聖愛幼兒園,(02)29332244,[116]臺北市文山區景美里14鄰育英街63號,60
269,文山區,臺北市私立寶馨幼兒園,(02)86635966,[116]臺北市文山區景慶里19鄰溪口街85巷7弄6號1樓,17
270,文山區,臺北市私立幼林幼兒園,(02)29326469,[116]臺北市文山區景仁里9鄰景福街31號1樓,37
271,文山區,臺北市私立書宜幼兒園,(02)89322211,[116]臺北市文山區景仁里1鄰羅斯福路六段150巷22號1、2樓,120
272,文山區,臺北市私立何嘉仁文山幼兒園,(02)29306607,[116]臺北市文山區景仁里6鄰羅斯福路六段130號1、2樓,150
273,文山區,臺北市私立巧可麗幼兒園,(02)29303077,[116]臺北市文山區景仁里10鄰景福街17、19號1樓,40
274,文山區,財團法人天主教會臺北教區附設臺北市私立若石幼兒園,(02)29328022,[116]臺北市文山區萬盛里3鄰羅斯福路五段51號1、2、3樓,240
275,文山區,臺北市私立勁寶兒公館幼兒園,(02)86631486,[116]臺北市文山區萬盛里1鄰萬盛街42號1樓,23
276,文山區,臺北市私立家家幼兒園,(02)22307500,[116]臺北市文山區興家里3鄰興隆路三段二0七巷九弄9.11號1樓,90
277,文山區,臺北市私立惠生幼兒園,(02)22308526,[116]臺北市文山區興家里12鄰興隆路三段207巷10弄1、3、9號,90
278,文山區,臺北市私立清華幼兒園,(02)29311714,[116]臺北市文山區興得里11鄰興隆路三段36巷9弄2號1樓,39
279,文山區,臺北市私立何嘉仁興隆幼兒園,(02)29310584,[116]臺北市文山區興業里7鄰興隆路二段252號2樓,100
280,文山區,臺北市私立快樂諾貝兒幼兒園,(02)29301241,[116]臺北市文山區興業里6鄰興隆路二段222之2號2樓,40
281,文山區,臺北市私立樹人幼兒園,(02)29310558,[116]臺北市文山區興福里14鄰景華街121巷17弄9號,120
282,文山區,靜心學校財團法人臺北市私立靜心高級中等學校附設幼兒園,(02)29323118#192,[116]臺北市文山區興福里17鄰興隆路二段46號,410
283,文山區,臺北市私立文山懷恩幼兒園,(02)29308618,[116]臺北市文山區興旺里22鄰福興路63巷4弄26、28號1樓,90
284,文山區,臺北市私立和楓園幼兒園,(02)29301345,[116]臺北市文山區興泰里5鄰辛亥路四段252巷1號1樓,40
285,文山區,臺北市私立彩虹屋幼兒園,(02)29354278,[116]臺北市文山區興泰里12鄰辛亥路四段130巷5號1樓,40
286,文山區,財團法人台北市中國基督教靈糧世界佈道會台北靈糧堂附設臺北市私立靈糧幼兒園,(02)86636650,[116]臺北市文山區興昌里20鄰萬美街2段80號1樓,90
287,文山區,臺北市私立南方幼兒園,(02)29328553,[116]臺北市文山區興昌里15鄰辛亥路四段21巷12及14號1樓,20
288,文山區,財團法人台北市中華基督教青年會附設臺北市私立文山幼兒園,(02)22362817,[116]臺北市文山區試院里14鄰和興路2號1樓至2樓,228
289,文山區,臺北市私立荳荳幼兒園,(02)22369488,[116]臺北市文山區試院里25鄰木柵路一段59巷2號1樓,33
290,文山區,臺北市私立比利馬幼兒園,(02)22362468,[116]臺北市文山區試院里26鄰木柵路一段87號1樓,24
291,文山區,臺北市私立中山國民小學附設幼兒園,(02)29360935#700,[116]臺北市文山區華興里28鄰木柵路1段378巷26號,270
292,文山區,私立再興高級中學附設臺北市幼兒園,(02)29366803#302,[116]臺北市文山區明義里4鄰木柵路二段1-6號1樓至3樓,540
293,文山區,臺北市私立巨星幼兒園,(02)29381987,"[116]臺北市文山區木柵里18鄰秀明路1段68,70,72號1樓",39
294,文山區,臺北市私立千千幼兒園,(02)29397502,[116]臺北市文山區木柵里3鄰木柵路三段85巷8弄5號、5-1號1樓,52
295,文山區,臺北市私立仁美幼兒園,(02)29395610,[116]臺北市文山區木柵里7鄰木柵路3段85巷14弄14號及14之1號1樓,90
296,文山區,臺北市私立三義幼兒園,(02)86619636,[116]臺北市文山區木柵里27鄰木柵路三段48巷1弄16、18、20號1樓,50
297,文山區,臺北市私立幼學館幼兒園,(02)22341515,[116]臺北市文山區木新里2鄰木新路2段130號1、2樓及132號2樓,40
298,文山區,臺北市私立幼兒館幼兒園,(02)22341515,[116]臺北市文山區木新里2鄰木新路2段128號1、2樓,34
299,文山區,臺北市私立子愛幼兒園,(02)29377790,[116]臺北市文山區順興里6鄰興隆路四段165巷3、5號1樓,20
300,文山區,臺北市私立宛的弗幼兒園,(02)29391207,[116]臺北市文山區順興里15鄰忠順街二段26及26之1號1樓至2樓,22
301,文山區,臺北市私立阿布格小科學家幼兒園,(02)86613011,[116]臺北市文山區順興里5鄰興隆路四段173及175號1樓至2樓,91
302,文山區,臺北市私立全能幼兒園,(02)29367367,[116]臺北市文山區樟新里18鄰樟新街26號1樓,30
303,文山區,臺北市私立吉太幼兒園,(02)29392220,[116]臺北市文山區樟腳里13鄰木新路三段45巷7弄8、10、12號1樓,60
304,文山區,臺北市私立頌恩幼兒園,(02)22305679,[116]臺北市文山區萬芳里12鄰萬安街91號及93號1樓,53
305,文山區,財團法人台北市華亞之聲社中華基督教便以利教會附設臺北市私立華聲幼兒園,(02)29392038,[116]臺北市文山區萬興里11鄰指南路2段11號1樓,235
306,文山區,臺北市私立台北紐西蘭幼兒園,(02)86611156,[116]臺北市文山區萬興里37鄰政大1街19號1樓至4樓,140
307,文山區,臺北市私立文山仁和幼兒園,(02)29364473,[116]臺北市文山區樟文里1鄰忠順街一段10巷11.13.15號1至2樓,133
308,文山區,臺北市私立諾貝兒幼兒園,(02)29351301,[116]臺北市文山區興邦里16鄰興隆路二段203巷112及114號1樓,22
309,文山區,.臺北市私立滬江高級中學附設幼兒園,(02)86631122,[116]臺北市文山區景美里1鄰羅斯福路六段336號1樓至3樓,212
310,南港區,臺北市私立咪咪陳幼兒園,(02)27820568,[115]臺北市南港區三重里22鄰重陽路551號1樓,30
311,南港區,臺北市私立東美幼兒園,(02)27868833,[115]臺北市南港區東新里8鄰興南街52巷29、29-1、31、31-1號,90
312,南港區,臺北市私立何嘉仁南港幼兒園,(02)27890198,[115]臺北市南港區東明里15鄰興華路18.20.22.24號1樓至2樓,46
313,南港區,財團法人國光慈善事業基金會附設臺北市私立三軍幼兒園,(02)27858410#27,[115]臺北市南港區東明里5鄰南港路二段146號1樓,300
314,南港區,臺北市私立達芬奇多元智能幼兒園,(02)27881098,[115]臺北市南港區東明里15鄰興華路32號1至4樓,30
315,南港區,臺北市私立甘霖幼兒園,(02)27826308,[115]臺北市南港區東明里16鄰南港路二段30、32號3樓至4樓及34、34之1號1樓至4樓,48
316,南港區,世平興業股份有限公司附設臺北市私立員工子女幼兒園,(02)26530137,[115]臺北市南港區西新里8鄰成功路一段70、72、74號1樓,140
317,南港區,臺北市立南港高級中學教師會附設臺北市私立員工子女幼兒園,(02)27837863#297,[115]臺北市南港區西新里3鄰向陽路21號1樓,40
318,南港區,臺北市私立大大樹幼兒園,(02)27851516,[115]臺北市南港區合成里8鄰玉成街46及48號1樓,61
319,南港區,臺北市私立樹德幼兒園,(02)27854601,[115]臺北市南港區成福里3鄰東新街80巷11弄2號、4號,90
320,南港區,臺北市私立傑生寶華國際幼兒園,(02)27866685,[115]臺北市南港區成福里36鄰成福路207巷7、9號1樓及211巷4號1樓,120
321,南港區,臺北市私立吉的堡小騎士幼兒園,(02)26516526,[115]臺北市南港區成福里30鄰成福路183號2樓,130
322,南港區,臺北市私立龍華幼兒園,(02)27867166,[115]臺北市南港區鴻福里12鄰玉成街247號1樓至4樓、247-1號1樓,186
323,南港區,臺北市私立海格斯大千幼兒園,(02)27868889,[115]臺北市南港區百福里2鄰福德街310巷30、32及34號1樓,120
324,南港區,臺北市私立大華幼兒園,(02)26533111,[115]臺北市南港區聯成里4鄰忠孝東路6段212巷4弄5、7及9號1樓,120
325,南港區,臺北市私立莒光幼兒園,(02)27821776,[115]臺北市南港區舊莊里10鄰舊莊街一段145巷6弄31號,120
326,南港區,臺北市私立惠群幼兒園,(02)26511256,[115]臺北市南港區舊莊里24鄰合順街8巷5弄5號1樓,16
327,南港區,臺北市私立新莒光幼兒園,(02)26510502,[115]臺北市南港區中研里3鄰研究院路2段35巷13號1樓,41
328,南港區,臺北市私立南光幼兒園,(02)27823329,[115]臺北市南港區中研里12鄰研究院路二段61巷2弄41號及43號1樓,92
329,南港區,臺北市私立欣苗幼兒園,(02)27823322,[115]臺北市南港區中研里24鄰研究院路2段12巷58弄9號,120
330,南港區,中央研究院附設臺北市私立幼兒園,(02)27871451,[115]臺北市南港區中研里20鄰研究院路2段12巷75號1樓,120
331,南港區,臺北市私立欣苗寶貝幼兒園,(02)27823322,[115]臺北市南港區中研里22鄰研究院路二段34巷15號1樓,17
332,南港區,臺北市私立大方凌雲幼兒園,(02)27820190,[115]臺北市南港區九如里12鄰研究院路三段2巷2、6、8號1樓,62
333,南港區,臺北市私立道生南港幼兒園,(02)27880661,[115]臺北市南港區重陽里3鄰重陽路187巷1號1樓,70
334,內湖區,臺北市私立小小百合蒙特梭利幼兒園,(02)27937756,[114]臺北市內湖區西湖里2鄰星雲街38號1樓,29
335,內湖區,恕德學校財團法人附設臺北市私立恕德幼兒園,(02)27997608,[114]臺北市內湖區西湖里1鄰內湖路一段353號,120
336,內湖區,臺北市私立櫻之圓蒙特梭利幼兒園,(02)87975200,[114]臺北市內湖區西康里24鄰環山路1段24巷10號1.2樓,40
337,內湖區,臺北市私立華盛頓幼兒園,(02)26576155,[114]臺北市內湖區港墘里18鄰瑞光路271號1樓至2樓,90
338,內湖區,遊戲橘子數位科技股份有限公司附設臺北市私立員工子女幼橘園幼兒園,(02)26589690,[114]臺北市內湖區港墘里20鄰港墘路221巷33號1樓,75
339,內湖區,臺北市私立民祥幼兒園,(02)27986739,[114]臺北市內湖區港都里13鄰麗山街338巷5、7號1樓,60
340,內湖區,臺北市私立心惠幼兒園,(02)26270022,[114]臺北市內湖區港富里7鄰麗山街62巷18弄2、4、6號1樓,120
341,內湖區,臺北市私立勁寶兒文德幼兒園,(02)26598109,[114]臺北市內湖區港富里30鄰內湖路二段130號1樓,30
342,內湖區,臺北市私立優幼園幼兒園,(02)27922182,[114]臺北市內湖區內湖里15鄰成功路四段30巷11號1樓,19
343,內湖區,臺北市私立陽光森林麗湖幼兒園,(02)27997707,[114]臺北市內湖區湖濱里1鄰內湖路二段103巷48號1樓,21
344,內湖區,臺北市私立喬治亞幼兒園,(02)27901110,[114]臺北市內湖區湖濱里9鄰內湖路二段334之1號,120
345,內湖區,臺北市私立巧可麗查理布朗幼兒園,(02)87926411,[114]臺北市內湖區湖濱里30鄰成功路三段174巷10號2樓,35
346,內湖區,臺北市私立文心幼兒園,(02)27902507,[114]臺北市內湖區紫星里19鄰星雲街68巷8、10、12號1樓,120
347,內湖區,臺北市私立廣教幼兒園,(02)27930308,[114]臺北市內湖區紫星里21鄰成功路三段187巷35弄2號1樓及4號1樓,36
348,內湖區,臺北市私立小百合蒙特梭利幼兒園,(02)27946751,[114]臺北市內湖區紫星里7鄰星雲街37號1樓,30
349,內湖區,臺北市私立小瓢蟲幼兒園,(02)27920986,[114]臺北市內湖區紫星里7鄰星雲街35號1樓,34
350,內湖區,臺北市私立華泰幼兒園,(02)27928335,[114]臺北市內湖區大湖里1鄰大湖山莊街21巷2號,60
351,內湖區,臺北市私立華泰大湖幼兒園,(02)27928335,[114]臺北市內湖區大湖里1鄰大湖山莊街21巷2號2樓,53
352,內湖區,臺北市私立華泰種子幼兒園,(02)27928359,[114]臺北市內湖區大湖里1鄰大湖山莊街97號1、2樓,51
353,內湖區,臺北市私立湖畔小百合蒙特梭利幼兒園,(02)27946033,[114]臺北市內湖區大湖里1鄰大湖山莊街85號,50
354,內湖區,臺北市私立立湖幼兒園,(02)27902228,[114]臺北市內湖區金瑞里9鄰金龍路222巷1弄1號,60
355,內湖區,臺北市私立聖育幼兒園,(02)27909417,[114]臺北市內湖區碧山里12鄰內湖路三段60巷9、11號1樓至2樓,47
356,內湖區,臺北市私立恩貝亞幼兒園,(02)27916484,[114]臺北市內湖區紫雲里18鄰金湖路179號1樓至2樓,80
357,內湖區,臺北市私立融恩幼兒園,(02)87919961,[114]臺北市內湖區清白里19鄰金湖路16之11號1樓,22
358,內湖區,臺北市私立奧斯福爾幼兒園,(02)26340258#192,[114]臺北市內湖區葫洲里23鄰康寧路三段16巷53號1樓至2樓,180
359,內湖區,臺北市私立聖喬治幼兒園,(02)26337996,[114]臺北市內湖區葫洲里15鄰民權東路六段296巷40、42、42-1號1樓及42號2樓,150
360,內湖區,臺北市私立塞凡提幼兒園,(02)26312809,[114]臺北市內湖區葫洲里10鄰民權東路六段296巷31弄4號1樓,19
361,內湖區,臺北市私立凱菲林幼兒園,(02)26346557,[114]臺北市內湖區葫洲里12鄰康寧路三段54之5號2樓,40
362,內湖區,臺北市私立卡爾維德幼兒園,(02)26348514,[114]臺北市內湖區葫洲里5鄰康寧路三段16巷35號1、2樓及33號2樓,80
363,內湖區,臺北市私立來來幼兒園,(02)26325432,[114]臺北市內湖區葫洲里7鄰民權東路六段280巷50號1樓,48
364,內湖區,臺北市私立聖安幼兒園,(02)26329810,[114]臺北市內湖區葫洲里11鄰民權東路六段296巷69號及75號1樓,40
365,內湖區,臺北市私立諾貝爾金湖幼兒園,(02)26330368,[114]臺北市內湖區葫洲里10鄰金湖路419號2樓,30
366,內湖區,臺北市私立諾貝爾內湖幼兒園,(02)26330368,[114]臺北市內湖區葫洲里10鄰金湖路417號2樓,30
367,內湖區,臺北市私立塞凡提凱旋幼兒園,(02)26324058,[114]臺北市內湖區葫洲里10鄰民權東路六段296巷61號及61之2號1至2樓,30
368,內湖區,臺北市私立森林學館幼兒園,(02)26577679,[114]臺北市內湖區紫陽里12鄰陽光街65號1樓,38
369,內湖區,臺北市私立夢想幼兒園,(02)27986455,[114]臺北市內湖區紫陽里19鄰文德路210巷8之3號2樓,40
370,內湖區,臺北市私立嘉霙幼兒園,(02)26278523,[114]臺北市內湖區紫陽里18鄰陽光街116號1樓,23
371,內湖區,康軒文教事業股份有限公司附設臺北市私立員工子女幼兒園,(02)27990099,[114]臺北市內湖區瑞陽里8鄰文德路66巷99號1至3樓,293
372,內湖區,臺北市私立咪咪幼兒園,(02)26576881,[114]臺北市內湖區瑞陽里10鄰文德路66巷69弄30號1樓,47
373,內湖區,臺北市私立多元智慧幼兒園,(02)26598800,[114]臺北市內湖區瑞陽里27鄰文德路90巷39號1樓,151
374,內湖區,臺北市私立潭美幼兒園,(02)26319070,[114]臺北市內湖區五分里10鄰東湖路160巷10弄20、22、24號,52
375,內湖區,臺北市私立卡爾維德蒙特梭利幼兒園,(02)26335356,[114]臺北市內湖區東湖里17鄰東湖路113巷50號1樓,40
376,內湖區,臺北市私立東湖幼兒園,(02)26310351,[114]臺北市內湖區樂康里5鄰康樂街85巷33、35、37號1樓,60
377,內湖區,臺北市私立康大幼兒園,(02)26330175,[114]臺北市內湖區樂康里17鄰康樂街116、116-1、116-2號2樓,45
378,內湖區,臺北市私立保進幼兒園,(02)26332111,[114]臺北市內湖區樂康里5鄰康樂街61巷15弄1號1、2樓,160
379,內湖區,臺北市私立麻雀素食幼兒園,(02)26315918,[114]臺北市內湖區內溝里12鄰康樂街141之2號1樓,18
380,內湖區,臺北市璽典職場互助教保服務中心,(02)27948812,[114]臺北市內湖區石潭里11鄰石潭路65號2樓,31
381,內湖區,臺北市私立幼新幼兒園,(02)27916362,[114]臺北市內湖區湖興里19鄰成功路二段312巷46、48號1樓,90
382,內湖區,臺北市私立何嘉仁新湖幼兒園,(02)27922776,[114]臺北市內湖區湖興里27鄰民權東路6段196號,310
383,內湖區,臺北市私立幼欣幼兒園,(02)27918852,[114]臺北市內湖區湖興里19鄰成功路二段312巷66、68號1樓,30
384,內湖區,臺北市私立國際蒙特梭利內湖幼兒園,(02)27902950,[114]臺北市內湖區秀湖里2鄰大湖街166巷18號1樓至2樓,40
385,內湖區,臺北市私立大湖寶貝幼兒園,(02)27921959,[114]臺北市內湖區秀湖里2鄰大湖街166巷10號1樓至2樓,37
386,內湖區,臺北市私立家田幼兒園,(02)87918587,[114]臺北市內湖區秀湖里7鄰大湖街158巷2之3號1、2樓及2樓之1,40
387,內湖區,臺北市私立諾貝爾幼兒園,(02)26330368,[114]臺北市內湖區金湖里10鄰金湖路415號1樓及417號1樓,62
388,內湖區,臺北市私立柏克立幼兒園,(02)26347688,[114]臺北市內湖區金湖里2鄰金湖路363巷45號1樓至3樓,100
389,內湖區,臺北市私立內湖科見幼兒園,(02)26348876,[114]臺北市內湖區金湖里15鄰成功路五段460號2樓及2樓之1,110
390,內湖區,臺北市私立柏克萊幼兒園,(02)26333002,[114]臺北市內湖區金湖里3鄰金湖路363巷17號1樓至2樓及19號1樓,40
391,內湖區,臺北市私立小綠山森林幼兒園,(02)26307030,[114]臺北市內湖區金湖里8鄰成功路五段臨37號,65
392,內湖區,臺北市私立塞凡提甜心幼兒園,(02)26331385,[114]臺北市內湖區明湖里17鄰康寧路3段189巷42號1樓、189巷80弄36號1樓,40
393,內湖區,臺北市私立明昶幼兒園,(02)26323564,[114]臺北市內湖區明湖里3鄰康寧路3段99巷10弄6號1樓及2樓,25
394,內湖區,臺北市私立惠登幼兒園,(02)26335935,[114]臺北市內湖區明湖里17鄰康寧路三段189巷52號1樓,15
395,內湖區,臺北市私立山谷小百合蒙特梭利幼兒園,(02)26315887,[114]臺北市內湖區明湖里17鄰康寧路三段189巷56及58號1樓,32
396,內湖區,臺北市私立美敦幼兒園,(02)26270758,[114]臺北市內湖區麗山里5鄰內湖路一段591巷11弄9、11號1樓,76
397,內湖區,臺北市私立小荳荳幼兒園,(02)27937710,[114]臺北市內湖區寶湖里13鄰民權東路六段172號1至3樓,41
398,內湖區,臺北市私立英格幼兒園,(02)2791-1809,[114]臺北市內湖區寶湖里14鄰民權東路六段180巷23、25、29、31號1、2、3樓,211
399,內湖區,臺北市私立快樂幼兒園,(02)26311292,[114]臺北市內湖區南湖里4鄰民權東路6段280巷8號1.2樓,48
400,士林區,臺北市私立佳嬰幼兒園,(02)28807575,[111]臺北市士林區仁勇里12鄰大東路126號1樓,29
401,士林區,臺北市私立孩子國幼兒園,(02)28881541,[111]臺北市士林區義信里12鄰承德路四段185號1、2樓、2樓之1及187號2樓、2樓之1,99
402,士林區,臺北市私立凱斯幼兒園,(02)88611866,[111]臺北市士林區義信里12鄰承德路四段179巷7號及7之1號1樓,99
403,士林區,臺北市私立幼心幼兒園,(02)28815581,[111]臺北市士林區福德里7鄰中正路335巷18號,180
404,士林區,臺北市私立何嘉仁士林幼兒園,(02)28327663,"[111]臺北市士林區福志里18鄰中正路116號1,2樓、118號1,2樓、118-1號2樓",111
405,士林區,臺北市私立士林科見幼兒園,(02)28332398,[111]臺北市士林區福志里18鄰中山北路五段608、610號1、2樓,108
406,士林區,財團法人臺灣聖公會附設臺北市私立牧愛堂幼兒園,(02)28823460,[111]臺北市士林區後港里16鄰中正路509號,270
407,士林區,臺北市私立民華幼兒園,(02)28823000,[111]臺北市士林區福中里1鄰華齡街211號1、2、3樓,360
408,士林區,臺北市私立日晴幼兒園,(02)28882210,[111]臺北市士林區福中里10鄰福港街158號2樓,38
409,士林區,臺北市私立幼天才幼兒園,(02)28802380,[111]臺北市士林區福中里3鄰福港街107巷16、18、20號1樓,40
410,士林區,臺北市私立求真幼兒園,(02)28828069,[111]臺北市士林區福中里8鄰通河東街一段136巷24.26號1樓,37
411,士林區,臺北市私立欣光幼兒園,(02)28822302,[111]臺北市士林區百齡里14鄰福港街259巷4號1樓至2樓及6號1樓,120
412,士林區,臺北市私立育成幼兒園,(02)28858002,[111]臺北市士林區明勝里10鄰承德路四段12巷10.12.14號1樓,60
413,士林區,臺北市私立多多種子幼兒園,(02)28122563,[111]臺北市士林區葫蘆里8鄰延平北路五段245巷2.4號,60
414,士林區,臺北市私立何嘉仁幼兒園,(02)28128097,[111]臺北市士林區葫蘆里7鄰延平北路五段231巷1號,120
415,士林區,臺北市私立育強幼兒園,(02)28128829,[111]臺北市士林區社子里18鄰社正路45巷12號1、2樓,90
416,士林區,臺北市私立太和騰幼兒園,(02)28129958,[111]臺北市士林區社新里15鄰延平北路6段227號1至3樓,97
417,士林區,臺北市私立愛樂芬幼兒園,(02)88111313,[111]臺北市士林區社新里21鄰社子街63巷8號1樓,21
418,士林區,臺北市私立慈暉幼兒園,(02)28113589,"[111]臺北市士林區社園里24鄰永平街46巷3弄7,9號1樓及9號2樓",30
419,士林區,臺北市私立星莆幼兒園,(02)28126386,[111]臺北市士林區社園里26鄰社中街289、291號1樓,40
420,士林區,臺北市私立幼安幼兒園,(02)88115787,[111]臺北市士林區社園里6鄰社中街231巷27號1樓,27
421,士林區,臺北市私立飛達幼兒園,(02)28113351,[111]臺北市士林區永倫里1鄰延平北路六段210號1樓、2樓之1、2樓之2及212號1樓,90
422,士林區,臺北市私立社中幼兒園,(02)28126797,"[111]臺北市士林區永倫里15鄰社中街424號1,2樓",40
423,士林區,臺北市私立比特幼兒園,(02)88111398,[111]臺北市士林區永倫里11鄰社中街381號1樓,20
424,士林區,臺北市私立浩恩幼兒園,(02)28359964,[111]臺北市士林區岩山里10鄰忠義街91巷17.19號1樓,40
425,士林區,臺北市私立微笑音符幼兒園,(02)88666629,[111]臺北市士林區岩山里8鄰至誠路1段148號1樓及2樓,29
426,士林區,臺北市私立博如幼兒園,(02)28339854,"[111]臺北市士林區名山里1鄰雙溪街18,20號1樓",70
427,士林區,臺北市私立怡寶幼兒園,(02)28364720,[111]臺北市士林區名山里19鄰中山北路六段2巷33號1樓,28
428,士林區,臺北市私立怡寶資優幼兒園,(02)28364720,[111]臺北市士林區名山里19鄰中山北路六段2巷39號1、2樓,40
429,士林區,臺北市私立淘兒園幼兒園,(02)28861858,"[111]臺北市士林區德行里17鄰承德路四段57號一樓,53號二樓,55號二樓,.57號二樓",64
430,士林區,臺北市私立泰安幼兒園,(02)28314281,[111]臺北市士林區德行里4鄰中山北路五段八二九巷14.16號,90
431,士林區,臺北市私立敦品幼兒園,(02)28366464,[111]臺北市士林區聖山里9鄰忠誠路一段173巷13號1、2樓,32
432,士林區,臺北市私立正音幼兒園,(02)28364687,[111]臺北市士林區東山里13鄰東山路135號1樓,116
433,士林區,臺北市私立十大幼兒園,(02)28749113,[111]臺北市士林區三玉里6鄰天母東路92號1樓,60
434,士林區,臺北市私立捷森幼兒園,(02)28741177,[111]臺北市士林區三玉里13鄰天玉街15號1~4樓,80
435,士林區,臺北市私立華邇街幼兒園,(02)28363379,"[111]臺北市士林區蘭雅里14鄰中山北路六段290巷7弄8號1,2樓",70
436,士林區,臺北市私立忠義幼兒園,(02)28310788,[111]臺北市士林區蘭雅里10鄰士東路54巷11、19、21號,150
437,士林區,臺北市私立德行幼兒園,(02)28368002,[111]臺北市士林區蘭雅里24鄰中山北路6段290巷48.50號,90
438,士林區,臺北市私立翰諾幼兒園,(02)28362424,[111]臺北市士林區蘭雅里20鄰德行東路61巷4號1、2樓,40
439,士林區,臺北市私立種籽幼兒園,(02)28315266,[111]臺北市士林區蘭雅里14鄰中山北路六段290巷11弄3號1樓,40
440,士林區,臺北市私立熊寶貝幼兒園,(02)28363868,[111]臺北市士林區蘭雅里18鄰士東路46巷26號1樓,165
441,士林區,臺北市私立太和蒙特梭利幼兒園,(02)28366268,[111]臺北市士林區蘭雅里15鄰中山北路六段290巷7弄7號1樓,60
442,士林區,臺北市私立有緣蒙特梭利幼兒園,(02)28320290,[111]臺北市士林區蘭興里7鄰忠誠路2段32巷11號1樓,27
443,士林區,臺北市私立博如日本幼兒幼兒園,(02)28340473,[111]臺北市士林區蘭興里13鄰克強路10巷9弄29及31號1樓,40
444,士林區,臺北市私立師達幼兒園,(02)28718869,[111]臺北市士林區天祿里3鄰士東路91巷26弄12號1樓至2樓,36
445,士林區,臺北市私立博仁幼兒園,(02)28723567,[111]臺北市士林區天壽里9鄰中山北路六段405巷29、31號,120
446,士林區,臺北市私立弘明幼兒園,(02)28726200,[111]臺北市士林區天山里12鄰中山北路7段114巷11號,99
447,士林區,臺北市私立沐恩蒙特梭利幼兒園,(02)28765636,[111]臺北市士林區天山里3鄰天母東路69巷11之5號1樓,33
448,士林區,臺北市私立天母蒙特梭利幼兒園,(02)28728454,[111]臺北市士林區天玉里12鄰天母西路95巷21號1.2樓,112
449,士林區,臺北市私立精采童年幼兒園,(02)28717230,[111]臺北市士林區天玉里18鄰天母北路42之2號1、2樓及天母北路42之1號2樓之1,115
450,士林區,臺北市私立道思幼兒園,(02)28731515,[111]臺北市士林區天玉里20鄰天母北路61號1樓、61之1號1樓及61之1號2樓,100
451,士林區,臺北市私立好來幼兒園,(02)28718696,[111]臺北市士林區天母里14鄰中山北路七段225之1號1.2樓,120
452,士林區,臺北市私立心愛幼兒園,(02)28739393,[111]臺北市士林區天母里1鄰中山北路七段190巷104號1、2樓,180
453,士林區,臺北市私立道爾敦幼兒園,(02)28730225,[111]臺北市士林區天母里5鄰中山北路七段224號1、2樓及224之1號1、2樓,150
454,士林區,財團法人林迺翁文教基金會附設臺北市私立天鵝堡幼兒園,(02)28411618,[111]臺北市士林區臨溪里8鄰至善路2段280之1號、280之1號2樓、280之1號3樓,210
455,士林區,臺北市私立奧爾仕幼兒園,(02)28807531,[111]臺北市士林區臨溪里1鄰至善路二段1之1號1、2樓,150
456,北投區,臺北市私立發現蒙特梭利幼兒園,(02)28232092,[112]臺北市北投區建民里6鄰文林北路80巷90弄41號1、2樓,42
457,北投區,臺北市私立資優兒幼兒園,(02)28231799,[112]臺北市北投區建民里8鄰文林北路80巷38弄10號1樓,30
458,北投區,臺北市私立晴晴幼兒園,(02)28239652,[112]臺北市北投區石牌里8鄰致遠一路一段104巷19號1、2樓,30
459,北投區,財團法人天主教會台北教區附設臺北市私立達義幼兒園,(02)28270668,[112]臺北市北投區榮光里12鄰致遠一路2段40巷11號1、2、3樓,180
460,北投區,臺北市私立一德幼兒園,(02)28215755,[112]臺北市北投區榮華里16鄰明德路136巷9號1樓,120
461,北投區,臺北市私立皇家幼兒園,(02)28220869,[112]臺北市北投區榮華里9鄰榮華二路9號1樓,60
462,北投區,臺北市私立奎山中學附設幼兒園,(02)28212009#11,[112]臺北市北投區榮華里13鄰明德路200號,90
463,北投區,臺北市私立成美蒙特梭利幼兒園,(02)28218915,[112]臺北市北投區裕民里19鄰裕民六路114巷36弄5號1樓及7號1樓,40
464,北投區,臺北市私立優格快樂幼兒園,(02)28718388,[112]臺北市北投區永欣里14鄰石牌路二段315巷10弄10號1樓,40
465,北投區,臺北市私立丹佛幼兒園,(02)28721955,[112]臺北市北投區永欣里11鄰石牌路二段358之1號及358之2號1、2樓,84
466,北投區,臺北市私立優格幼兒園,(02)28710871,[112]臺北市北投區永欣里14鄰石牌路二段315巷10弄10號2樓,19
467,北投區,臺北市私立艾法貝納幼兒園,(02)28769011,[112]臺北市北投區永欣里18鄰行義路10巷2號2樓之1,70
468,北投區,臺北市私立華民幼兒園,(02)28732423,[112]臺北市北投區永欣里11鄰石牌路二段358號1、2樓,99
469,北投區,臺北榮民總醫院附設臺北市私立榮光幼兒園,(02)28757465,[112]臺北市北投區永欣里3鄰石牌路二段201號1樓至3樓,99
470,北投區,臺北市私立愛德恩幼兒園,(02)28721955,[112]臺北市北投區永欣里13鄰石牌路二段303號,50
471,北投區,臺北市私立正大幼兒園,(02)28229788,[112]臺北市北投區永明里7鄰義理街49巷2至4號1-2樓及2號3樓,58
472,北投區,臺北市私立德美蒙特梭利幼兒園,(02)28205120,[112]臺北市北投區永明里12鄰東華街二段92之2及92之3號1樓,27
473,北投區,臺北市私立心美蒙特梭利幼兒園,(02)28205120,[112]臺北市北投區永明里12鄰東華街二段92號及92之1號1樓,36
474,北投區,臺北市私立新茗幼兒園,(02)28216602,[112]臺北市北投區東華里17鄰立農街二段257之1號1樓,20
475,北投區,臺北市私立新成功幼兒園,(02)28286318,[112]臺北市北投區吉慶里9鄰實踐街54號,90
476,北投區,臺北市私立石牌旭東幼兒園,(02)28272210,[112]臺北市北投區吉慶里18鄰實踐街82巷14號及16號1樓,53
477,北投區,臺北市私立樂家幼兒園,(02)28288788,[112]臺北市北投區吉慶里1鄰實踐街6巷3弄11號1樓,29
478,北投區,臺北市私立佳人幼兒園,(02)28225958,[112]臺北市北投區尊賢里19鄰實踐街49巷25號1、2樓,63
479,北投區,財團法人臺灣基督長老教會雙連教會附設臺北市私立雙連幼兒園,(02)28228444,[112]臺北市北投區立賢里4鄰承德路7段221號1、2、3樓,1200
480,北投區,臺北市私立聖德幼兒園,(02)28343465,[112]臺北市北投區洲美里10鄰洲美街271號1樓,174
481,北投區,臺北市私立凱薩琳幼兒園,(02)28916098,[112]臺北市北投區奇岩里24鄰公館路279巷2號1、2樓,51
482,北投區,臺北市私立天華幼兒園,(02)28945685,[112]臺北市北投區清江里1鄰清江路25巷7號1樓、7之2號1樓、5號2樓及7號2樓,32
483,北投區,臺北市私立北投青青幼兒園,(02)28965006,[112]臺北市北投區長安里19鄰溫泉路73巷5號1樓,30
484,北投區,臺北市私立國際蒙特梭利北投幼兒園,(02)28949605,[112]臺北市北投區長安里18鄰光明路226-1號,29
485,北投區,臺北市私立資優兒童幼兒園,(02)28949838,[112]臺北市北投區大同里5鄰中央北路一段179巷1號1樓,16
486,北投區,臺北市私立桃樂絲幼兒園,(02)28930381,[112]臺北市北投區溫泉里5鄰民族街12號1、2樓,23
487,北投區,臺北市私立巨登堡幼兒園,(02)28939226,[112]臺北市北投區溫泉里5鄰公?路77號1樓,34
488,北投區,臺北市私立薇閣國民小學附設幼兒園,(02)28911066,[112]臺北市北投區中心里11鄰珠海路50號1樓至2樓,600
489,北投區,臺北市私立育奇幼兒園,(02)28911899,[112]臺北市北投區中庸里13鄰大同街200巷1號1樓,24
490,北投區,臺北市私立藍天幼兒園,(02)28963620,[112]臺北市北投區中和里8鄰中和街392號1、2樓,32
491,北投區,臺北市私立培爾幼兒園,(02)28946256,[112]臺北市北投區中和里15鄰大屯路31巷15號及91巷15號,150
492,北投區,臺北市私立潘蜜拉幼兒園,(02)28921534,[112]臺北市北投區中和里12鄰大屯路21巷21號1樓,90
493,北投區,臺北市私立旭東幼兒園,(02)28913311,[112]臺北市北投區秀山里2鄰中和街446巷56號,120
494,北投區,臺北市私立米蘿幼兒園,(02)28967027,[112]臺北市北投區文化里3鄰文化三路12號1樓,22
495,北投區,臺北市私立卡蕾兒幼兒園,(02)28926957,[112]臺北市北投區文化里3鄰文化三路14號1樓,21
496,北投區,臺北市私立何嘉仁北投幼兒園,(02)28943222,[112]臺北市北投區豐年里15鄰中央北路二段335之2號1、2樓,159
497,北投區,臺北市私立豐年幼兒園,(02)28925688,[112]臺北市北投區豐年里16鄰中央北路二段95巷1弄40號及42號1樓,18
498,北投區,臺北市私立道生幼兒園,(02)28922691,[112]臺北市北投區桃源里12鄰中央北路三段188號1、2、3樓,270
499,北投區,臺北市私立采郁蒙特梭利幼兒園,(02)28978840,[112]臺北市北投區一德里19鄰中央北路四段577巷27弄1號1樓,26
500,北投區,臺北市私立新天地幼兒園,(02)28960707,[112]臺北市北投區一德里2鄰中央北路4段32號1-4樓,210
501,北投區,臺北市私立城市國際幼兒園,(02)2893-2155,[112]臺北市北投區一德里14鄰學園路2號2樓,100
502,北投區,臺北市私立橘子蒙特梭利幼兒園,(02)28584990,[112]臺北市北投區關渡里6鄰知行路292巷6、8號1樓,90
,"","","",合計核定總招收人數,40879
